-0.0,0.015,-1.05
-0.0,0.015,-1.1
-0.0,0.015,-1.15
-0.0,0.015,-1.2
-0.0,0.015,-1.25
-0.0,0.015,-1.3
-0.0,0.015,-1.35
-0.0,0.015,-1.4
-0.0,0.015,-1.45
-0.0,0.015,-1.5
-0.0,0.015,-1.55
-0.0,0.015,-1.6
-0.0,0.015,-1.65
-0.0,0.015,-1.7
-0.0,0.015,-1.75
-0.0,0.015,-1.8
-0.0,0.015,-1.85
-0.0,0.015,-1.9
-0.0,0.015,-1.95
-0.0,0.015,-2.0
-0.0,0.015,-2.05
-0.0,0.015,-2.1
-0.0,0.015,-2.15
-0.0,0.015,-2.2
-0.0,0.015,-2.25
-0.0,0.015,-2.3
-0.0,0.015,-2.35
-0.0,0.015,-2.4
-0.0,0.015,-2.45
-0.0,0.015,-2.5
-0.0,0.015,-2.55
-0.0,0.015,-2.6
-0.0,0.015,-2.65
-0.0,0.015,-2.7
-0.0,0.015,-2.75
-0.0,0.015,-2.8
-0.0,0.015,-2.85
-0.0,0.015,-2.9
-0.0,0.015,-2.95
-0.0,0.015,-3.0
-0.0,0.015,-3.05
-0.0,0.015,-3.1
-0.0,0.015,-3.15
-0.0,0.015,-3.2
-0.0,0.015,-3.25
-0.0,0.015,-3.3
-0.0,0.015,-3.35
-0.0,0.015,-3.4
-0.0,0.015,-3.45
-0.0,0.015,-3.5
-0.0,0.015,-3.55
-0.0,0.015,-3.6
-0.0,0.015,-3.65
-0.0,0.015,-3.7
-0.0,0.015,-3.75
-0.0,0.015,-3.8
-0.0,0.015,-3.85
-0.0,0.015,-3.9
-0.0,0.015,-3.95
-0.0,0.015,-4.0
-0.0,0.015,-4.05
-0.0,0.015,-4.1
-0.0,0.015,-4.15
-0.0,0.015,-4.2
-0.0,0.015,-4.25
-0.0,0.015,-4.3
-0.0,0.015,-4.35
-0.0,0.015,-4.4
-0.0,0.015,-4.45
-0.0,0.015,-4.5
-0.0,0.015,-4.55
-0.0,0.015,-4.6
-0.0,0.015,-4.65
-0.0,0.015,-4.7
-0.0,0.015,-4.75
-0.0,0.015,-4.8
-0.0,0.015,-4.85
-0.0,0.015,-4.9
-0.0,0.015,-4.95
-0.0,0.015,-5.0
-0.0,0.015,-5.05
-0.0,0.015,-5.1
-0.0,0.015,-5.15
-0.0,0.015,-5.2
-0.0,0.015,-5.25
-0.0,0.015,-5.3
-0.0,0.015,-5.35
-0.0,0.015,-5.4
-0.0,0.015,-5.45
-0.0,0.015,-5.5
-0.0,0.015,-5.55
-0.0,0.015,-5.6
-0.0,0.015,-5.65
-0.0,0.015,-5.7
-0.0,0.015,-5.75
-0.0,0.015,-5.8
-0.0,0.015,-5.85
-0.0,0.015,-5.9
-0.0,0.015,-5.95
-0.0,0.015,-6.0
-0.0,0.015,-6.05
-0.0,0.015,-6.1
-0.0,0.015,-6.15
-0.0,0.015,-6.2
-0.0,0.015,-6.25
-0.0,0.015,-6.3
-0.0,0.015,-6.35
-0.0,0.015,-6.4
-0.0,0.015,-6.45
-0.0,0.015,-6.5
-0.0,0.015,-6.55
-0.0,0.015,-6.6
-0.0,0.015,-6.65
-0.0,0.015,-6.7
-0.0,0.015,-6.75
-0.0,0.015,-6.8
-0.0,0.015,-6.85
-0.0,0.015,-6.9
-0.0,0.015,-6.95
-0.0,0.015,-7.0
-0.0,0.015,-7.05
-0.0,0.015,-7.1
-0.0,0.015,-7.15
-0.0,0.015,-7.2
-0.0,0.015,-7.25
-0.0,0.015,-7.3
-0.0,0.015,-7.35
-0.0,0.015,-7.4
-0.0,0.015,-7.45
-0.0,0.015,-7.5
-0.0,0.015,-7.55
-0.0,0.015,-7.6
-0.0,0.015,-7.65
-0.0,0.015,-7.7
-0.0,0.015,-7.75
-0.0,0.015,-7.8
-0.0,0.015,-7.85
-0.0,0.015,-7.9
-0.0,0.015,-7.95
-0.0,0.015,-8.0
-0.0,0.015,-8.05
-0.0,0.015,-8.1
-0.0,0.015,-8.15
-0.0,0.015,-8.2
-0.0,0.015,-8.25
-0.0,0.015,-8.3
-0.0,0.015,-8.35
-0.0,0.015,-8.4
-0.0,0.015,-8.45
-0.0,0.015,-8.5
-0.0,0.015,-8.55
-0.0,0.015,-8.6
-0.0,0.015,-8.65
-0.0,0.015,-8.7
-0.0,0.015,-8.75
-0.0,0.015,-8.8
-0.0,0.015,-8.85
-0.0,0.015,-8.9
-0.0,0.015,-8.95
-0.0,0.015,-9.0
-0.0,0.015,-9.05
-0.0,0.015,-9.1
-0.0,0.015,-9.15
-0.0,0.015,-9.2
-0.0,0.015,-9.25
-0.0,0.015,-9.3
-0.0,0.015,-9.35
-0.0,0.015,-9.4
-0.0,0.015,-9.45
-0.0,0.015,-9.5
-0.0,0.015,-9.55
-0.0,0.015,-9.6
-0.0,0.015,-9.65
-0.0,0.015,-9.7
-0.0,0.015,-9.75
-0.0,0.015,-9.8
-0.0,0.015,-9.85
-0.0,0.015,-9.9
-0.0,0.015,-9.95
-0.0,0.015,-10.0
-0.0,0.015,-10.05
-0.0,0.015,-10.1
-0.0,0.015,-10.15
-0.0,0.015,-10.2
-0.0,0.015,-10.25
-0.0,0.015,-10.3
-0.0,0.015,-10.35
-0.0,0.015,-10.4
-0.0,0.015,-10.45
-0.0,0.015,-10.5
-0.0,0.015,-10.55
-0.0,0.015,-10.6
-0.0,0.015,-10.65
-0.0,0.015,-10.7
-0.0,0.015,-10.75
-0.0,0.015,-10.8
-0.0,0.015,-10.85
-0.0,0.015,-10.9
-0.0,0.015,-10.95
-0.0,0.015,-11.0
-0.0,0.015,-11.05
-0.0,0.015,-11.1
-0.0,0.015,-11.15
-0.0,0.015,-11.2
-0.0,0.015,-11.25
-0.0,0.015,-11.3
-0.0,0.015,-11.35
-0.0,0.015,-11.4
-0.0,0.015,-11.45
-0.0,0.015,-11.5
-0.0,0.015,-11.55
-0.0,0.015,-11.6
-0.0,0.015,-11.65
-0.0,0.015,-11.7
-0.0,0.015,-11.75
-0.0,0.015,-11.8
-0.0,0.015,-11.85
-0.0,0.015,-11.9
-0.0,0.015,-11.95
-0.0,0.015,-12.0
-0.0,0.015,-12.05
-0.0,0.015,-12.1
-0.0,0.015,-12.15
-0.0,0.015,-12.2
-0.0,0.015,-12.25
-0.0,0.015,-12.3
-0.0,0.015,-12.35
-0.0,0.015,-12.4
-0.0,0.015,-12.45
-0.0,0.015,-12.5
-0.0,0.015,-12.55
-0.0,0.015,-12.6
-0.0,0.015,-12.65
-0.0,0.015,-12.7
-0.0,0.015,-12.75
-0.0,0.015,-12.8
-0.0,0.015,-12.85
-0.0,0.015,-12.9
-0.0,0.015,-12.95
-0.0,0.015,-13.0
-0.0,0.015,-13.05
-0.0,0.015,-13.1
-0.0,0.015,-13.15
-0.0,0.015,-13.2
-0.0,0.015,-13.25
-0.0,0.015,-13.3
-0.0,0.015,-13.35
-0.0,0.015,-13.4
-0.0,0.015,-13.45
-0.0,0.015,-13.5
-0.0,0.015,-13.55
-0.0,0.015,-13.6
-0.0,0.015,-13.65
-0.0,0.015,-13.7
-0.0,0.015,-13.75
-0.0,0.015,-13.8
-0.0,0.015,-13.85
-0.0,0.015,-13.9
-0.0,0.015,-13.95
-0.0,0.015,-14.0
-0.0,0.015,-14.05
-0.0,0.015,-14.1
-0.0,0.015,-14.15
-0.0,0.015,-14.2
-0.0,0.015,-14.25
-0.0,0.015,-14.3
-0.0,0.015,-14.35
-0.0,0.015,-14.4
-0.0,0.015,-14.45
-0.0,0.015,-14.5
-0.0,0.015,-14.55
-0.0,0.015,-14.6
-0.0,0.015,-14.65
-0.0,0.015,-14.7
-0.0,0.015,-14.75
-0.0,0.015,-14.8
-0.0,0.015,-14.85
-0.0,0.015,-14.9
-0.0,0.015,-14.95
-0.0,0.015,-15.0
-0.0,0.015,-15.05
-0.0,0.015,-15.1
-0.0,0.015,-15.15
-0.0,0.015,-15.2
-0.0,0.015,-15.25
-0.0,0.015,-15.3
-0.0,0.015,-15.35
-0.0,0.015,-15.4
-0.0,0.015,-15.45
-0.0,0.015,-15.5
-0.0,0.015,-15.55
-0.0,0.015,-15.6
-0.0,0.015,-15.65
-0.0,0.015,-15.7
-0.0,0.015,-15.75
-0.0,0.015,-15.8
-0.0,0.015,-15.85
-0.0,0.015,-15.9
-0.0,0.015,-15.95
-0.0,0.015,-16.0
-0.0,0.015,-16.05
-0.0,0.015,-16.1
-0.0,0.015,-16.15
-0.0,0.015,-16.2
-0.0,0.015,-16.25
-0.0,0.015,-16.3
-0.0,0.015,-16.35
-0.0,0.015,-16.4
-0.0,0.015,-16.45
-0.0,0.015,-16.5
-0.0,0.015,-16.55
-0.0,0.015,-16.6
-0.0,0.015,-16.65
-0.0,0.015,-16.7
-0.0,0.015,-16.75
-0.0,0.015,-16.8
-0.0,0.015,-16.85
-0.0,0.015,-16.9
-0.0,0.015,-16.95
-0.0,0.015,-17.0
-0.0,0.015,-17.05
-0.0,0.015,-17.1
-0.0,0.015,-17.15
-0.0,0.015,-17.2
-0.0,0.015,-17.25
-0.0,0.015,-17.3
-0.0,0.015,-17.35
-0.0,0.015,-17.4
-0.0,0.015,-17.45
-0.0,0.015,-17.5
-0.0,0.015,-17.55
-0.0,0.015,-17.6
-0.0,0.015,-17.65
-0.0,0.015,-17.7
-0.0,0.015,-17.75
-0.0,0.015,-17.8
-0.0,0.015,-17.85
-0.0,0.015,-17.9
-0.0,0.015,-17.95
-0.0,0.015,-18.0
-0.0,0.015,-18.05
-0.0,0.015,-18.1
-0.0,0.015,-18.15
-0.0,0.015,-18.2
-0.0,0.015,-18.25
-0.0,0.015,-18.3
-0.0,0.015,-18.35
-0.0,0.015,-18.4
-0.0,0.015,-18.45
-0.0,0.015,-18.5
-0.0,0.015,-18.55
-0.0,0.015,-18.6
-0.0,0.015,-18.65
-0.0,0.015,-18.7
-0.0,0.015,-18.75
-0.0,0.015,-18.8
-0.0,0.015,-18.85
-0.0,0.015,-18.9
-0.0,0.015,-18.95
-0.0,0.015,-19.0
-0.0,0.015,-19.05
-0.0,0.015,-19.1
-0.0,0.015,-19.15
-0.0,0.015,-19.2
-0.0,0.015,-19.25
-0.0,0.015,-19.3
-0.0,0.015,-19.35
-0.0,0.015,-19.4
-0.0,0.015,-19.45
-0.0,0.015,-19.5
-0.0,0.015,-19.55
-0.0,0.015,-19.6
-0.0,0.015,-19.65
-0.0,0.015,-19.7
-0.0,0.015,-19.75
-0.0,0.015,-19.8
-0.0,0.015,-19.85
-0.0,0.015,-19.9
-0.0,0.015,-19.95
-0.0,0.015,-20.0
-0.0,0.015,-20.05
-0.0,0.015,-20.1
-0.0,0.015,-20.15
-0.0,0.015,-20.2
-0.0,0.015,-20.25
-0.0,0.015,-20.3
-0.0,0.015,-20.35
-0.0,0.015,-20.4
-0.0,0.015,-20.45
-0.0,0.015,-20.5
-0.0,0.015,-20.55
-0.0,0.015,-20.6
-0.0,0.015,-20.65
-0.0,0.015,-20.7
-0.0,0.015,-20.75
-0.0,0.015,-20.8
-0.0,0.015,-20.85
-0.0,0.015,-20.9
-0.0,0.015,-20.95
-0.0,0.015,-21.0
-0.0,0.015,-21.05
-0.0,0.015,-21.1
-0.0,0.015,-21.15
-0.0,0.015,-21.2
-0.0,0.015,-21.25
-0.0,0.015,-21.3
-0.0,0.015,-21.35
-0.0,0.015,-21.4
-0.0,0.015,-21.45
-0.0,0.015,-21.5
-0.0,0.015,-21.55
-0.0,0.015,-21.6
-0.0,0.015,-21.65
-0.0,0.015,-21.7
-0.0,0.015,-21.75
-0.0,0.015,-21.8
-0.0,0.015,-21.85
-0.0,0.015,-21.9
-0.0,0.015,-21.95
-0.0,0.015,-22.0
-0.0,0.015,-22.05
-0.0,0.015,-22.1
-0.0,0.015,-22.15
-0.0,0.015,-22.2
-0.0,0.015,-22.25
-0.0,0.015,-22.3
-0.0,0.015,-22.35
-0.0,0.015,-22.4
-0.0,0.015,-22.45
-0.0,0.015,-22.5
-0.0,0.015,-22.55
-0.0,0.015,-22.6
-0.0,0.015,-22.65
-0.0,0.015,-22.7
-0.0,0.015,-22.75
-0.0,0.015,-22.8
-0.0,0.015,-22.85
-0.0,0.015,-22.9
-0.0,0.015,-22.95
-0.0,0.015,-23.0
-0.0,0.015,-23.05
-0.0,0.015,-23.1
-0.0,0.015,-23.15
-0.0,0.015,-23.2
-0.0,0.015,-23.25
-0.0,0.015,-23.3
-0.0,0.015,-23.35
-0.0,0.015,-23.4
-0.0,0.015,-23.45
-0.0,0.015,-23.5
-0.0,0.015,-23.55
-0.0,0.015,-23.6
-0.0,0.015,-23.65
-0.0,0.015,-23.7
-0.0,0.015,-23.75
-0.0,0.015,-23.8
-0.0,0.015,-23.85
-0.0,0.015,-23.9
-0.0,0.015,-23.95
-0.0,0.015,-24.0
-0.0,0.015,-24.05
-0.0,0.015,-24.1
-0.0,0.015,-24.15
-0.0,0.015,-24.2
-0.0,0.015,-24.25
-0.0,0.015,-24.3
-0.0,0.015,-24.35
-0.0,0.015,-24.4
-0.0,0.015,-24.45
-0.0,0.015,-24.5
-0.0,0.015,-24.55
-0.0,0.015,-24.6
-0.0,0.015,-24.65
-0.0,0.015,-24.7
-0.0,0.015,-24.75
-0.0,0.015,-24.8
-0.0,0.015,-24.85
-0.0,0.015,-24.9
-0.0,0.015,-24.95
-0.0,0.015,-25.0
-0.0,0.015,-25.05
-0.0,0.015,-25.1
-0.0,0.015,-25.15
-0.0,0.015,-25.2
-0.0,0.015,-25.25
-0.0,0.015,-25.3
-0.0,0.015,-25.35
-0.0,0.015,-25.4
-0.0,0.015,-25.45
-0.0,0.015,-25.5
-0.0,0.015,-25.55
-0.0,0.015,-25.6
-0.0,0.015,-25.65
-0.0,0.015,-25.7
-0.0,0.015,-25.75
-0.0,0.015,-25.8
-0.0,0.015,-25.85
-0.0,0.015,-25.9
-0.0,0.015,-25.95
-0.0,0.015,-26.0
-0.0,0.015,-26.05
-0.0,0.015,-26.1
-0.0,0.015,-26.15
-0.0,0.015,-26.2
-0.0,0.015,-26.25
-0.0,0.015,-26.3
-0.0,0.015,-26.35
-0.0,0.015,-26.4
-0.0,0.015,-26.45
-0.0,0.015,-26.5
-0.0,0.015,-26.55
-0.0,0.015,-26.6
-0.0,0.015,-26.65
-0.0,0.015,-26.7
-0.0,0.015,-26.75
-0.0,0.015,-26.8
-0.0,0.015,-26.85
-0.0,0.015,-26.9
-0.0,0.015,-26.95
-0.0,0.015,-27.0
-0.0,0.015,-27.05
-0.0,0.015,-27.1
-0.0,0.015,-27.15
-0.0,0.015,-27.2
-0.0,0.015,-27.25
-0.0,0.015,-27.3
-0.0,0.015,-27.35
-0.0,0.015,-27.4
-0.0,0.015,-27.45
-0.0,0.015,-27.5
-0.0,0.015,-27.55
-0.0,0.015,-27.6
-0.0,0.015,-27.65
-0.0,0.015,-27.7
-0.0,0.015,-27.75
-0.0,0.015,-27.8
-0.0,0.015,-27.85
-0.0,0.015,-27.9
-0.0,0.015,-27.95
-0.0,0.015,-28.0
-0.0,0.015,-28.05
-0.0,0.015,-28.1
-0.0,0.015,-28.15
-0.0,0.015,-28.2
-0.0,0.015,-28.25
-0.0,0.015,-28.3
-0.0,0.015,-28.35
-0.0,0.015,-28.4
-0.0,0.015,-28.45
-0.0,0.015,-28.5
-0.0,0.015,-28.55
-0.0,0.015,-28.6
-0.0,0.015,-28.65
-0.0,0.015,-28.7
-0.0,0.015,-28.75
-0.0,0.015,-28.8
-0.0,0.015,-28.85
-0.0,0.015,-28.9
-0.0,0.015,-28.95
-0.0,0.015,-29.0
-0.0,0.015,-29.05
-0.0,0.015,-29.1
-0.0,0.015,-29.15
-0.0,0.015,-29.2
-0.0,0.015,-29.25
-0.0,0.015,-29.3
-0.0,0.015,-29.35
-0.0,0.015,-29.4
-0.0,0.015,-29.45
-0.0,0.015,-29.5
-0.0,0.015,-29.55
-0.0,0.015,-29.6
-0.0,0.015,-29.65
-0.0,0.015,-29.7
-0.0,0.015,-29.75
-0.0,0.015,-29.8
-0.0,0.015,-29.85
-0.0,0.015,-29.9
-0.0,0.015,-29.95
-0.0,0.015,-30.0
-0.0,0.015,-30.05
-0.0,0.015,-30.1
-0.0,0.015,-30.15
-0.0,0.015,-30.2
-0.0,0.015,-30.25
-0.0,0.015,-30.3
-0.0,0.015,-30.35
-0.0,0.015,-30.4
-0.0,0.015,-30.45
-0.0,0.015,-30.5
-0.0,0.015,-30.55
-0.0,0.015,-30.6
-0.0,0.015,-30.65
-0.0,0.015,-30.7
-0.0,0.015,-30.75
-0.0,0.015,-30.8
-0.0,0.015,-30.85
-0.0,0.015,-30.9
-0.0,0.015,-30.95
-0.0,0.015,-31.0
-0.0,0.015,-31.05
-0.0,0.015,-31.1
-0.0,0.015,-31.15
-0.0,0.015,-31.2
-0.0,0.015,-31.25
-0.0,0.015,-31.3
-0.0,0.015,-31.35
-0.0,0.015,-31.4
-0.0,0.015,-31.45
-0.0,0.015,-31.5
-0.0,0.015,-31.55
-0.0,0.015,-31.6
-0.0,0.015,-31.65
-0.0,0.015,-31.7
-0.0,0.015,-31.75
-0.0,0.015,-31.8
-0.0,0.015,-31.85
-0.0,0.015,-31.9
-0.0,0.015,-31.95
-0.0,0.015,-32.0
-0.0,0.015,-32.05
-0.0,0.015,-32.1
-0.0,0.015,-32.15
-0.0,0.015,-32.2
-0.0,0.015,-32.25
-0.0,0.015,-32.3
-0.0,0.015,-32.35
-0.0,0.015,-32.4
-0.0,0.015,-32.45
-0.0,0.015,-32.5
-0.0,0.015,-32.55
-0.0,0.015,-32.6
-0.0,0.015,-32.65
-0.0,0.015,-32.7
-0.0,0.015,-32.75
-0.0,0.015,-32.8
-0.0,0.015,-32.85
-0.0,0.015,-32.9
-0.0,0.015,-32.95
-0.0,0.015,-33.0
-0.0,0.015,-33.05
-0.0,0.015,-33.1
-0.0,0.015,-33.15
-0.0,0.015,-33.2
-0.0,0.015,-33.25
-0.0,0.015,-33.3
-0.0,0.015,-33.35
-0.0,0.015,-33.4
-0.0,0.015,-33.45
-0.0,0.015,-33.5
-0.0,0.015,-33.55
-0.0,0.015,-33.6
-0.0,0.015,-33.65
-0.0,0.015,-33.7
-0.0,0.015,-33.75
-0.0,0.015,-33.8
-0.0,0.015,-33.85
-0.0,0.015,-33.9
-0.0,0.015,-33.95
-0.0,0.015,-34.0
-0.0,0.015,-34.05
-0.0,0.015,-34.1
-0.0,0.015,-34.15
-0.0,0.015,-34.2
-0.0,0.015,-34.25
-0.0,0.015,-34.3
-0.0,0.015,-34.35
-0.0,0.015,-34.4
-0.0,0.015,-34.45
-0.0,0.015,-34.5
-0.0,0.015,-34.55
-0.0,0.015,-34.6
-0.0,0.015,-34.65
-0.0,0.015,-34.7
-0.0,0.015,-34.75
-0.0,0.015,-34.8
-0.0,0.015,-34.85
-0.0,0.015,-34.9
-0.0,0.015,-34.95
-0.0,0.015,-35.0
-0.0,0.015,-35.05
-0.0,0.015,-35.1
-0.0,0.015,-35.15
-0.0,0.015,-35.2
-0.0,0.015,-35.25
-0.0,0.015,-35.3
-0.0,0.015,-35.35
-0.0,0.015,-35.4
-0.0,0.015,-35.45
-0.0,0.015,-35.5
-0.0,0.015,-35.55
-0.0,0.015,-35.6
-0.0,0.015,-35.65
-0.0,0.015,-35.7
-0.0,0.015,-35.75
-0.0,0.015,-35.8
-0.0,0.015,-35.85
-0.0,0.015,-35.9
-0.0,0.015,-35.95
-0.0,0.015,-36.0
-0.0,0.015,-36.05
-0.0,0.015,-36.1
-0.0,0.015,-36.15
-0.0,0.015,-36.2
-0.0,0.015,-36.25
-0.0,0.015,-36.3
-0.0,0.015,-36.35
-0.0,0.015,-36.4
-0.0,0.015,-36.45
-0.0,0.015,-36.5
-0.0,0.015,-36.55
-0.0,0.015,-36.6
-0.0,0.015,-36.65
-0.0,0.015,-36.7
-0.0,0.015,-36.75
-0.0,0.015,-36.8
-0.0,0.015,-36.85
-0.0,0.015,-36.9
-0.0,0.015,-36.95
-0.0,0.015,-37.0
-0.0,0.015,-37.05
-0.0,0.015,-37.1
-0.0,0.015,-37.15
-0.0,0.015,-37.2
-0.0,0.015,-37.25
-0.0,0.015,-37.3
-0.0,0.015,-37.35
-0.0,0.015,-37.4
-0.0,0.015,-37.45
-0.0,0.015,-37.5
-0.0,0.015,-37.55
-0.0,0.015,-37.6
-0.0,0.015,-37.65
-0.0,0.015,-37.7
-0.0,0.015,-37.75
-0.0,0.015,-37.8
-0.0,0.015,-37.85
-0.0,0.015,-37.9
-0.0,0.015,-37.95
-0.0,0.015,-38.0
-0.0,0.015,-38.05
-0.0,0.015,-38.1
-0.0,0.015,-38.15
-0.0,0.015,-38.2
-0.0,0.015,-38.25
-0.0,0.015,-38.3
-0.0,0.015,-38.35
-0.0,0.015,-38.4
-0.0,0.015,-38.45
-0.0,0.015,-38.5
-0.0,0.015,-38.55
-0.0,0.015,-38.6
-0.0,0.015,-38.65
-0.0,0.015,-38.7
-0.0,0.015,-38.75
-0.0,0.015,-38.8
-0.0,0.015,-38.85
-0.0,0.015,-38.9
-0.0,0.015,-38.95
-0.0,0.015,-39.0
-0.0,0.015,-39.05
-0.0,0.015,-39.1
-0.0,0.015,-39.15
-0.0,0.015,-39.2
-0.0,0.015,-39.25
-0.0,0.015,-39.3
-0.0,0.015,-39.35
-0.0,0.015,-39.4
-0.0,0.015,-39.45
-0.0,0.015,-39.5
-0.0,0.015,-39.55
-0.0,0.015,-39.6
-0.0,0.015,-39.65
-0.0,0.015,-39.7
-0.0,0.015,-39.75
-0.0,0.015,-39.8
-0.0,0.015,-39.85
-0.0,0.015,-39.9
-0.0,0.015,-39.95
-0.0,0.015,-40.0
-0.0,0.015,-40.05
-0.0,0.015,-40.1
-0.0,0.015,-40.15
-0.0,0.015,-40.2
-0.0,0.015,-40.25
-0.0,0.015,-40.3
-0.0,0.015,-40.35
-0.0,0.015,-40.4
-0.0,0.015,-40.45
-0.0,0.015,-40.5
-0.0,0.015,-40.55
-0.0,0.015,-40.6
-0.0,0.015,-40.65
-0.0,0.015,-40.7
-0.0,0.015,-40.75
-0.0,0.015,-40.8
-0.0,0.015,-40.85
-0.0,0.015,-40.9
-0.0,0.015,-40.95
-0.0,0.015,-41.0
-0.0,0.015,-41.05
-0.0,0.015,-41.1
-0.0,0.015,-41.15
-0.0,0.015,-41.2
-0.0,0.015,-41.25
-0.0,0.015,-41.3
-0.0,0.015,-41.35
-0.0,0.015,-41.4
-0.0,0.015,-41.45
-0.0,0.015,-41.5
-0.0,0.015,-41.55
-0.0,0.015,-41.6
-0.0,0.015,-41.65
-0.0,0.015,-41.7
-0.0,0.015,-41.75
-0.0,0.015,-41.8
-0.0,0.015,-41.85
-0.0,0.015,-41.9
-0.0,0.015,-41.95
-0.0,0.015,-42.0
-0.0,0.015,-42.05
-0.0,0.015,-42.1
-0.0,0.015,-42.15
-0.0,0.015,-42.2
-0.0,0.015,-42.25
-0.0,0.015,-42.3
-0.0,0.015,-42.35
-0.0,0.015,-42.4
-0.0,0.015,-42.45
-0.0,0.015,-42.5
-0.0,0.015,-42.55
-0.0,0.015,-42.6
-0.0,0.015,-42.65
-0.0,0.015,-42.7
-0.0,0.015,-42.75
-0.0,0.015,-42.8
-0.0,0.015,-42.85
-0.0,0.015,-42.9
-0.0,0.015,-42.95
-0.0,0.015,-43.0
-0.0,0.015,-43.05
-0.0,0.015,-43.1
-0.0,0.015,-43.15
-0.0,0.015,-43.2
-0.0,0.015,-43.25
-0.0,0.015,-43.3
-0.0,0.015,-43.35
-0.0,0.015,-43.4
-0.0,0.015,-43.45
-0.0,0.015,-43.5
-0.0,0.015,-43.55
-0.0,0.015,-43.6
-0.0,0.015,-43.65
-0.0,0.015,-43.7
-0.0,0.015,-43.75
-0.0,0.015,-43.8
-0.0,0.015,-43.85
-0.0,0.015,-43.9
-0.0,0.015,-43.95
-0.0,0.015,-44.0
-0.0,0.015,-44.05
-0.0,0.015,-44.1
-0.0,0.015,-44.15
-0.0,0.015,-44.2
-0.0,0.015,-44.25
-0.0,0.015,-44.3
-0.0,0.015,-44.35
-0.0,0.015,-44.4
-0.0,0.015,-44.45
-0.0,0.015,-44.5
-0.0,0.015,-44.55
-0.0,0.015,-44.6
-0.0,0.015,-44.65
-0.0,0.015,-44.7
-0.0,0.015,-44.75
-0.0,0.015,-44.8
-0.0,0.015,-44.85
-0.0,0.015,-44.9
-0.0,0.015,-44.95
-0.0,0.015,-45.0
-0.0,0.015,-45.05
-0.0,0.015,-45.1
-0.0,0.015,-45.15
-0.0,0.015,-45.2
-0.0,0.015,-45.25
-0.0,0.015,-45.3
-0.0,0.015,-45.35
-0.0,0.015,-45.4
-0.0,0.015,-45.45
-0.0,0.015,-45.5
-0.0,0.015,-45.55
-0.0,0.015,-45.6
-0.0,0.015,-45.65
-0.0,0.015,-45.7
-0.0,0.015,-45.75
-0.0,0.015,-45.8
-0.0,0.015,-45.85
-0.0,0.015,-45.9
-0.0,0.015,-45.95
-0.0,0.015,-46.0
-0.0,0.015,-46.05
-0.0,0.015,-46.1
-0.0,0.015,-46.15
-0.0,0.015,-46.2
-0.0,0.015,-46.25
-0.0,0.015,-46.3
-0.0,0.015,-46.35
-0.0,0.015,-46.4
-0.0,0.015,-46.45
-0.0,0.015,-46.5
-0.0,0.015,-46.55
-0.0,0.015,-46.6
-0.0,0.015,-46.65
-0.0,0.015,-46.7
-0.0,0.015,-46.75
-0.0,0.015,-46.8
-0.0,0.015,-46.85
-0.0,0.015,-46.9
-0.0,0.015,-46.95
-0.0,0.015,-47.0
-0.0,0.015,-47.05
-0.0,0.015,-47.1
-0.0,0.015,-47.15
-0.0,0.015,-47.2
-0.0,0.015,-47.25
-0.0,0.015,-47.3
-0.0,0.015,-47.35
-0.0,0.015,-47.4
-0.0,0.015,-47.45
-0.0,0.015,-47.5
-0.0,0.015,-47.55
-0.0,0.015,-47.6
-0.0,0.015,-47.65
-0.0,0.015,-47.7
-0.0,0.015,-47.75
-0.0,0.015,-47.8
-0.0,0.015,-47.85
-0.0,0.015,-47.9
-0.0,0.015,-47.95
-0.0,0.015,-48.0
-0.0,0.015,-48.05
-0.0,0.015,-48.1
-0.0,0.015,-48.15
-0.0,0.015,-48.2
-0.0,0.015,-48.25
-0.0,0.015,-48.3
-0.0,0.015,-48.35
-0.0,0.015,-48.4
-0.0,0.015,-48.45
-0.0,0.015,-48.5
-0.0,0.015,-48.55
-0.0,0.015,-48.6
-0.0,0.015,-48.65
-0.0,0.015,-48.7
-0.0,0.015,-48.75
-0.0,0.015,-48.8
-0.0,0.015,-48.85
-0.0,0.015,-48.9
-0.0,0.015,-48.95
-0.0,0.015,-49.0
-0.0,0.015,-49.05
-0.0,0.015,-49.1
-0.0,0.015,-49.15
-0.0,0.015,-49.2
-0.0,0.015,-49.25
-0.0,0.015,-49.3
-0.0,0.015,-49.35
-0.0,0.015,-49.4
-0.0,0.015,-49.45
-0.0,0.015,-49.5
-0.0,0.015,-49.55
-0.0,0.015,-49.6
-0.0,0.015,-49.65
-0.0,0.015,-49.7
-0.0,0.015,-49.75
-0.0,0.015,-49.8
-0.0,0.015,-49.85
-0.0,0.015,-49.9
-0.0,0.015,-49.95
-0.0,0.015,-50.0
-0.0,0.015,-50.05
-0.0,0.015,-50.1
-0.0,0.015,-50.15
-0.0,0.015,-50.2
-0.0,0.015,-50.25
-0.0,0.015,-50.3
-0.0,0.015,-50.35
-0.0,0.015,-50.4
-0.0,0.015,-50.45
-0.0,0.015,-50.5
-0.0,0.015,-50.55
-0.0,0.015,-50.6
-0.0,0.015,-50.65
-0.0,0.015,-50.7
-0.0,0.015,-50.75
-0.0,0.015,-50.8
-0.0,0.015,-50.85
-0.0,0.015,-50.9
-0.0,0.015,-50.95
-0.0,0.015,-51.0
-0.0,0.015,-51.05
-0.0,0.015,-51.1
-0.0,0.015,-51.15
-0.0,0.015,-51.2
-0.0,0.015,-51.25
-0.0,0.015,-51.3
-0.0,0.015,-51.35
-0.0,0.015,-51.4
-0.0,0.015,-51.45
-0.0,0.015,-51.5
-0.0,0.015,-51.55
-0.0,0.015,-51.6
-0.0,0.015,-51.65
-0.0,0.015,-51.7
-0.0,0.015,-51.75
-0.0,0.015,-51.8
-0.0,0.015,-51.85
-0.0,0.015,-51.9
-0.0,0.015,-51.95
-0.0,0.015,-52.0
-0.0,0.015,-52.05
-0.0,0.015,-52.1
-0.0,0.015,-52.15
-0.0,0.015,-52.2
-0.0,0.015,-52.25
-0.0,0.015,-52.3
-0.0,0.015,-52.35
-0.0,0.015,-52.4
-0.0,0.015,-52.45
-0.0,0.015,-52.5
-0.0,0.015,-52.55
-0.0,0.015,-52.6
-0.0,0.015,-52.65
-0.0,0.015,-52.7
-0.0,0.015,-52.75
-0.0,0.015,-52.8
-0.0,0.015,-52.85
-0.0,0.015,-52.9
-0.0,0.015,-52.95
-0.0,0.015,-53.0
-0.0,0.015,-53.05
-0.0,0.015,-53.1
-0.0,0.015,-53.15
-0.0,0.015,-53.2
-0.0,0.015,-53.25
-0.0,0.015,-53.3
-0.0,0.015,-53.35
-0.0,0.015,-53.4
-0.0,0.015,-53.45
-0.0,0.015,-53.5
-0.0,0.015,-53.55
-0.0,0.015,-53.6
-0.0,0.015,-53.65
-0.0,0.015,-53.7
-0.0,0.015,-53.75
-0.0,0.015,-53.8
-0.0,0.015,-53.85
-0.0,0.015,-53.9
-0.0,0.015,-53.95
-0.0,0.015,-54.0
-0.0,0.015,-54.05
-0.0,0.015,-54.1
-0.0,0.015,-54.15
-0.0,0.015,-54.2
-0.0,0.015,-54.25
-0.0,0.015,-54.3
-0.0,0.015,-54.35
-0.0,0.015,-54.4
-0.0,0.015,-54.45
-0.0,0.015,-54.5
-0.0,0.015,-54.55
-0.0,0.015,-54.6
-0.0,0.015,-54.65
-0.0,0.015,-54.7
-0.0,0.015,-54.75
-0.0,0.015,-54.8
-0.0,0.015,-54.85
-0.0,0.015,-54.9
-0.0,0.015,-54.95
-0.0,0.015,-55.0
-0.0,0.015,-55.05
-0.0,0.015,-55.1
-0.0,0.015,-55.15
-0.0,0.015,-55.2
-0.0,0.015,-55.25
-0.0,0.015,-55.3
-0.0,0.015,-55.35
-0.0,0.015,-55.4
-0.0,0.015,-55.45
-0.0,0.015,-55.5
-0.0,0.015,-55.55
-0.0,0.015,-55.6
-0.0,0.015,-55.65
-0.0,0.015,-55.7
-0.0,0.015,-55.75
-0.0,0.015,-55.8
-0.0,0.015,-55.85
-0.0,0.015,-55.9
-0.0,0.015,-55.95
-0.0,0.015,-56.0
-0.0,0.015,-56.05
-0.0,0.015,-56.1
-0.0,0.015,-56.15
-0.0,0.015,-56.2
-0.0,0.015,-56.25
-0.0,0.015,-56.3
-0.0,0.015,-56.35
-0.0,0.015,-56.4
-0.0,0.015,-56.45
-0.0,0.015,-56.5
-0.0,0.015,-56.55
-0.0,0.015,-56.6
-0.0,0.015,-56.65
-0.0,0.015,-56.7
-0.0,0.015,-56.75
-0.0,0.015,-56.8
-0.0,0.015,-56.85
-0.0,0.015,-56.9
-0.0,0.015,-56.95
-0.0,0.015,-57.0
-0.0,0.015,-57.05
-0.0,0.015,-57.1
-0.0,0.015,-57.15
-0.0,0.015,-57.2
-0.0,0.015,-57.25
-0.0,0.015,-57.3
-0.0,0.015,-57.35
-0.0,0.015,-57.4
-0.0,0.015,-57.45
-0.0,0.015,-57.5
-0.0,0.015,-57.55
-0.0,0.015,-57.6
-0.0,0.015,-57.65
-0.0,0.015,-57.7
-0.0,0.015,-57.75
-0.0,0.015,-57.8
-0.0,0.015,-57.85
-0.0,0.015,-57.9
-0.0,0.015,-57.95
-0.0,0.015,-58.0
-0.0,0.015,-58.05
-0.0,0.015,-58.1
-0.0,0.015,-58.15
-0.0,0.015,-58.2
-0.0,0.015,-58.25
-0.0,0.015,-58.3
-0.0,0.015,-58.35
-0.0,0.015,-58.4
-0.0,0.015,-58.45
-0.0,0.015,-58.5
-0.0,0.015,-58.55
-0.0,0.015,-58.6
-0.0,0.015,-58.65
-0.0,0.015,-58.7
-0.0,0.015,-58.75
-0.0,0.015,-58.8
-0.0,0.015,-58.85
-0.0,0.015,-58.9
-0.0,0.015,-58.95
-0.0,0.015,-59.0
-0.0,0.015,-59.05
-0.0,0.015,-59.1
-0.0,0.015,-59.15
-0.0,0.015,-59.2
-0.0,0.015,-59.25
-0.0,0.015,-59.3
-0.0,0.015,-59.35
-0.0,0.015,-59.4
-0.0,0.015,-59.45
-0.0,0.015,-59.5
-0.0,0.015,-59.55
-0.0,0.015,-59.6
-0.0,0.015,-59.65
-0.0,0.015,-59.7
-0.0,0.015,-59.75
-0.0,0.015,-59.8
-0.0,0.015,-59.85
-0.0,0.015,-59.9
-0.0,0.015,-59.95
-0.0,0.015,-60.0
-0.0,0.015,-60.05
-0.0,0.015,-60.1
-0.0,0.015,-60.15
-0.0,0.015,-60.2
-0.0,0.015,-60.25
-0.0,0.015,-60.3
-0.0,0.015,-60.35
-0.0,0.015,-60.4
-0.0,0.015,-60.45
-0.0,0.015,-60.5
-0.0,0.015,-60.55
-0.0,0.015,-60.6
-0.0,0.015,-60.65
-0.0,0.015,-60.7
-0.0,0.015,-60.75
-0.0,0.015,-60.8
-0.0,0.015,-60.85
-0.0,0.015,-60.9
-0.0,0.015,-60.95
-0.0,0.015,-61.0
-0.0,0.015,-61.05
-0.0,0.015,-61.1
-0.0,0.015,-61.15
-0.0,0.015,-61.2
-0.0,0.015,-61.25
-0.0,0.015,-61.3
-0.0,0.015,-61.35
-0.0,0.015,-61.4
-0.0,0.015,-61.45
-0.0,0.015,-61.5
-0.0,0.015,-61.55
-0.0,0.015,-61.6
-0.0,0.015,-61.65
-0.0,0.015,-61.7
-0.0,0.015,-61.75
-0.0,0.015,-61.8
-0.0,0.015,-61.85
-0.0,0.015,-61.9
-0.0,0.015,-61.95
-0.0,0.015,-62.0
-0.0,0.015,-62.05
-0.0,0.015,-62.1
-0.0,0.015,-62.15
-0.0,0.015,-62.2
-0.0,0.015,-62.25
-0.0,0.015,-62.3
-0.0,0.015,-62.35
-0.0,0.015,-62.4
-0.0,0.015,-62.45
-0.0,0.015,-62.5
-0.0,0.015,-62.55
-0.0,0.015,-62.6
-0.0,0.015,-62.65
-0.0,0.015,-62.7
-0.0,0.015,-62.75
-0.0,0.015,-62.8
-0.0,0.015,-62.85
-0.0,0.015,-62.9
-0.0,0.015,-62.95
-0.0,0.015,-63.0
-0.0,0.015,-63.05
-0.0,0.015,-63.1
-0.0,0.015,-63.15
-0.0,0.015,-63.2
-0.0,0.015,-63.25
-0.0,0.015,-63.3
-0.0,0.015,-63.35
-0.0,0.015,-63.4
-0.0,0.015,-63.45
-0.0,0.015,-63.5
-0.0,0.015,-63.55
-0.0,0.015,-63.6
-0.0,0.015,-63.65
-0.0,0.015,-63.7
-0.0,0.015,-63.75
-0.0,0.015,-63.8
-0.0,0.015,-63.85
-0.0,0.015,-63.9
-0.0,0.015,-63.95
-0.0,0.015,-64.0
-0.0,0.015,-64.05
-0.0,0.015,-64.1
-0.0,0.015,-64.15
-0.0,0.015,-64.2
-0.0,0.015,-64.25
-0.0,0.015,-64.3
-0.0,0.015,-64.35
-0.0,0.015,-64.4
-0.0,0.015,-64.45
-0.0,0.015,-64.5
-0.0,0.015,-64.55
-0.0,0.015,-64.6
-0.0,0.015,-64.65
-0.0,0.015,-64.7
-0.0,0.015,-64.75
-0.0,0.015,-64.8
-0.0,0.015,-64.85
-0.0,0.015,-64.9
-0.0,0.015,-64.95
-0.0,0.015,-65.0
-0.0,0.015,-65.05
-0.0,0.015,-65.1
-0.0,0.015,-65.15
-0.0,0.015,-65.2
-0.0,0.015,-65.25
-0.0,0.015,-65.3
-0.0,0.015,-65.35
-0.0,0.015,-65.4
-0.0,0.015,-65.45
-0.0,0.015,-65.5
-0.0,0.015,-65.55
-0.0,0.015,-65.6
-0.0,0.015,-65.65
-0.0,0.015,-65.7
-0.0,0.015,-65.75
-0.0,0.015,-65.8
-0.0,0.015,-65.85
-0.0,0.015,-65.9
-0.0,0.015,-65.95
-0.0,0.015,-66.0
-0.0,0.015,-66.05
-0.0,0.015,-66.1
-0.0,0.015,-66.15
-0.0,0.015,-66.2
-0.0,0.015,-66.25
-0.0,0.015,-66.3
-0.0,0.015,-66.35
-0.0,0.015,-66.4
-0.0,0.015,-66.45
-0.0,0.015,-66.5
-0.0,0.015,-66.55
-0.0,0.015,-66.6
-0.0,0.015,-66.65
-0.0,0.015,-66.7
-0.0,0.015,-66.75
-0.0,0.015,-66.8
-0.0,0.015,-66.85
-0.0,0.015,-66.9
-0.0,0.015,-66.95
-0.0,0.015,-67.0
-0.0,0.015,-67.05
-0.0,0.015,-67.1
-0.0,0.015,-67.15
-0.0,0.015,-67.2
-0.0,0.015,-67.25
-0.0,0.015,-67.3
-0.0,0.015,-67.35
-0.0,0.015,-67.4
-0.0,0.015,-67.45
-0.0,0.015,-67.5
-0.0,0.015,-67.55
-0.0,0.015,-67.6
-0.0,0.015,-67.65
-0.0,0.015,-67.7
-0.0,0.015,-67.75
-0.0,0.015,-67.8
-0.0,0.015,-67.85
-0.0,0.015,-67.9
-0.0,0.015,-67.95
-0.0,0.015,-68.0
-0.0,0.015,-68.05
-0.0,0.015,-68.1
-0.0,0.015,-68.15
-0.0,0.015,-68.2
-0.0,0.015,-68.25
-0.0,0.015,-68.3
-0.0,0.015,-68.35
-0.0,0.015,-68.4
-0.0,0.015,-68.45
-0.0,0.015,-68.5
-0.0,0.015,-68.55
-0.0,0.015,-68.6
-0.0,0.015,-68.65
-0.0,0.015,-68.7
-0.0,0.015,-68.75
-0.0,0.015,-68.8
-0.0,0.015,-68.85
-0.0,0.015,-68.9
-0.0,0.015,-68.95
-0.0,0.015,-69.0
-0.0,0.015,-69.05
-0.0,0.015,-69.1
-0.0,0.015,-69.15
-0.0,0.015,-69.2
-0.0,0.015,-69.25
-0.0,0.015,-69.3
-0.0,0.015,-69.35
-0.0,0.015,-69.4
-0.0,0.015,-69.45
-0.0,0.015,-69.5
-0.0,0.015,-69.55
-0.0,0.015,-69.6
-0.0,0.015,-69.65
-0.0,0.015,-69.7
-0.0,0.015,-69.75
-0.0,0.015,-69.8
-0.0,0.015,-69.85
-0.0,0.015,-69.9
-0.0,0.015,-69.95
-0.0,0.015,-70.0
-0.0,0.015,-70.05
-0.0,0.015,-70.1
-0.0,0.015,-70.15
-0.0,0.015,-70.2
-0.0,0.015,-70.25
-0.0,0.015,-70.3
-0.0,0.015,-70.35
-0.0,0.015,-70.4
-0.0,0.015,-70.45
-0.0,0.015,-70.5
-0.0,0.015,-70.55
-0.0,0.015,-70.6
-0.0,0.015,-70.65
-0.0,0.015,-70.7
-0.0,0.015,-70.75
-0.0,0.015,-70.8
-0.0,0.015,-70.85
-0.0,0.015,-70.9
-0.0,0.015,-70.95
-0.0,0.015,-71.0
-0.0,0.015,-71.05
-0.0,0.015,-71.1
-0.0,0.015,-71.15
-0.0,0.015,-71.2
-0.0,0.015,-71.25
-0.0,0.015,-71.3
-0.0,0.015,-71.35
-0.0,0.015,-71.4
-0.0,0.015,-71.45
-0.0,0.015,-71.5
-0.0,0.015,-71.55
-0.0,0.015,-71.6
-0.0,0.015,-71.65
-0.0,0.015,-71.7
-0.0,0.015,-71.75
-0.0,0.015,-71.8
-0.0,0.015,-71.85
-0.0,0.015,-71.9
-0.0,0.015,-71.95
-0.0,0.015,-72.0
-0.0,0.015,-72.05
-0.0,0.015,-72.1
-0.0,0.015,-72.15
-0.0,0.015,-72.2
-0.0,0.015,-72.25
-0.0,0.015,-72.3
-0.0,0.015,-72.35
-0.0,0.015,-72.4
-0.0,0.015,-72.45
-0.0,0.015,-72.5
-0.0,0.015,-72.55
-0.0,0.015,-72.6
-0.0,0.015,-72.65
-0.0,0.015,-72.7
-0.0,0.015,-72.75
-0.0,0.015,-72.8
-0.0,0.015,-72.85
-0.0,0.015,-72.9
-0.0,0.015,-72.95
-0.0,0.015,-73.0
-0.0,0.015,-73.05
-0.0,0.015,-73.1
-0.0,0.015,-73.15
-0.0,0.015,-73.2
-0.0,0.015,-73.25
-0.0,0.015,-73.3
-0.0,0.015,-73.35
-0.0,0.015,-73.4
-0.0,0.015,-73.45
-0.0,0.015,-73.5
-0.0,0.015,-73.55
-0.0,0.015,-73.6
-0.0,0.015,-73.65
-0.0,0.015,-73.7
-0.0,0.015,-73.75
-0.0,0.015,-73.8
-0.0,0.015,-73.85
-0.0,0.015,-73.9
-0.0,0.015,-73.95
-0.0,0.015,-74.0
-0.0,0.015,-74.05
-0.0,0.015,-74.1
-0.0,0.015,-74.15
-0.0,0.015,-74.2
-0.0,0.015,-74.25
-0.0,0.015,-74.3
-0.0,0.015,-74.35
-0.0,0.015,-74.4
-0.0,0.015,-74.45
-0.0,0.015,-74.5
-0.0,0.015,-74.55
-0.0,0.015,-74.6
-0.0,0.015,-74.65
-0.0,0.015,-74.7
-0.0,0.015,-74.75
-0.0,0.015,-74.8
-0.0,0.015,-74.85
-0.0,0.015,-74.9
-0.0,0.015,-74.95
-0.0,0.015,-75.0
-0.0,0.015,-75.05
-0.0,0.015,-75.1
-0.0,0.015,-75.15
-0.0,0.015,-75.2
-0.0,0.015,-75.25
-0.0,0.015,-75.3
-0.0,0.015,-75.35
-0.0,0.015,-75.4
-0.0,0.015,-75.45
-0.0,0.015,-75.5
-0.0,0.015,-75.55
-0.0,0.015,-75.6
-0.0,0.015,-75.65
-0.0,0.015,-75.7
-0.0,0.015,-75.75
-0.0,0.015,-75.8
-0.0,0.015,-75.85
-0.0,0.015,-75.9
-0.0,0.015,-75.95
-0.0,0.015,-76.0
-0.0,0.015,-76.05
-0.0,0.015,-76.1
-0.0,0.015,-76.15
-0.0,0.015,-76.2
-0.0,0.015,-76.25
-0.0,0.015,-76.3
-0.0,0.015,-76.35
-0.0,0.015,-76.4
-0.0,0.015,-76.45
-0.0,0.015,-76.5
-0.0,0.015,-76.55
-0.0,0.015,-76.6
-0.0,0.015,-76.65
-0.0,0.015,-76.7
-0.0,0.015,-76.75
-0.0,0.015,-76.8
-0.0,0.015,-76.85
-0.0,0.015,-76.9
-0.0,0.015,-76.95
-0.0,0.015,-77.0
-0.0,0.015,-77.05
-0.0,0.015,-77.1
-0.0,0.015,-77.15
-0.0,0.015,-77.2
-0.0,0.015,-77.25
-0.0,0.015,-77.3
-0.0,0.015,-77.35
-0.0,0.015,-77.4
-0.0,0.015,-77.45
-0.0,0.015,-77.5
-0.0,0.015,-77.55
-0.0,0.015,-77.6
-0.0,0.015,-77.65
-0.0,0.015,-77.7
-0.0,0.015,-77.75
-0.0,0.015,-77.8
-0.0,0.015,-77.85
-0.0,0.015,-77.9
-0.0,0.015,-77.95
-0.0,0.015,-78.0
-0.0,0.015,-78.05
-0.0,0.015,-78.1
-0.0,0.015,-78.15
-0.0,0.015,-78.2
-0.0,0.015,-78.25
-0.0,0.015,-78.3
-0.0,0.015,-78.35
-0.0,0.015,-78.4
-0.0,0.015,-78.45
-0.0,0.015,-78.5
-0.0,0.015,-78.55
-0.0,0.015,-78.6
-0.0,0.015,-78.65
-0.0,0.015,-78.7
-0.0,0.015,-78.75
-0.0,0.015,-78.8
-0.0,0.015,-78.85
-0.0,0.015,-78.9
-0.0,0.015,-78.95
-0.0,0.015,-79.0
-0.0,0.015,-79.05
-0.0,0.015,-79.1
-0.0,0.015,-79.15
-0.0,0.015,-79.2
-0.0,0.015,-79.25
-0.0,0.015,-79.3
-0.0,0.015,-79.35
-0.0,0.015,-79.4
-0.05,0.015,-79.4
-0.1,0.015,-79.4
-0.15,0.015,-79.4
-0.2,0.015,-79.4
-0.25,0.015,-79.4
-0.3,0.015,-79.4
-0.35,0.015,-79.4
-0.35,0.015,-79.45
-0.35,0.015,-79.5
-0.35,0.015,-79.55
-0.35,0.015,-79.6
-0.35,0.015,-79.65
-0.35,0.015,-79.7
-0.35,0.015,-79.75
-0.35,0.015,-79.8
-0.35,0.015,-79.85
-0.35,0.015,-79.9
-0.35,0.015,-79.95
-0.35,0.015,-80.0
-0.35,0.015,-80.05
-0.35,0.015,-80.1
-0.35,0.015,-80.15
-0.35,0.015,-80.2
-0.35,0.015,-80.25
-0.35,0.015,-80.3
-0.35,0.015,-80.35
-0.35,0.015,-80.4
-0.35,0.015,-80.45
-0.35,0.015,-80.5
-0.35,0.015,-80.55
-0.35,0.015,-80.6
-0.35,0.015,-80.65
-0.35,0.015,-80.7
-0.35,0.015,-80.75
-0.35,0.015,-80.8
-0.35,0.015,-80.85
-0.35,0.015,-80.9
-0.35,0.015,-80.95
-0.35,0.015,-81.0
-0.35,0.015,-81.05
-0.35,0.015,-81.1
-0.35,0.015,-81.15
-0.35,0.015,-81.2
-0.35,0.015,-81.25
-0.35,0.015,-81.3
-0.35,0.015,-81.35
-0.35,0.015,-81.4
-0.35,0.015,-81.45
-0.35,0.015,-81.5
-0.35,0.015,-81.55
-0.35,0.015,-81.6
-0.35,0.015,-81.65
-0.35,0.015,-81.7
-0.35,0.015,-81.75
-0.35,0.015,-81.8
-0.35,0.015,-81.85
-0.35,0.015,-81.9
-0.35,0.015,-81.95
-0.35,0.015,-82.0
-0.35,0.015,-82.05
-0.35,0.015,-82.1
-0.35,0.015,-82.15
-0.35,0.015,-82.2
-0.35,0.015,-82.25
-0.35,0.015,-82.3
-0.35,0.015,-82.35
-0.35,0.015,-82.4
-0.35,0.015,-82.45
-0.35,0.015,-82.5
-0.35,0.015,-82.55
-0.35,0.015,-82.6
-0.35,0.015,-82.65
-0.35,0.015,-82.7
-0.35,0.015,-82.75
-0.35,0.015,-82.8
-0.35,0.015,-82.85
-0.35,0.015,-82.9
-0.35,0.015,-82.95
-0.35,0.015,-83.0
-0.35,0.015,-83.05
-0.35,0.015,-83.1
-0.35,0.015,-83.15
-0.3,0.015,-83.15
-0.25,0.015,-83.15
-0.2,0.015,-83.15
-0.15,0.015,-83.15
-0.1,0.015,-83.15
-0.05,0.015,-83.15
-0.05,0.015,-83.2
-0.05,0.015,-83.25
-0.05,0.015,-83.3
-0.05,0.015,-83.35
-0.05,0.015,-83.4
-0.05,0.015,-83.45
-0.05,0.015,-83.5
-0.05,0.015,-83.55
-0.05,0.015,-83.6
-0.05,0.015,-83.65
-0.05,0.015,-83.7
-0.05,0.015,-83.75
-0.05,0.015,-83.8
-0.05,0.015,-83.85
-0.05,0.015,-83.9
-0.05,0.015,-83.95
-0.05,0.015,-84.0
-0.05,0.015,-84.05
-0.05,0.015,-84.1
-0.05,0.015,-84.15
-0.05,0.015,-84.2
-0.05,0.015,-84.25
-0.05,0.015,-84.3
-0.05,0.015,-84.35
-0.05,0.015,-84.4
-0.05,0.015,-84.45
-0.05,0.015,-84.5
-0.05,0.015,-84.55
-0.05,0.015,-84.6
-0.05,0.015,-84.65
-0.05,0.015,-84.7
-0.05,0.015,-84.75
-0.05,0.015,-84.8
-0.05,0.015,-84.85
-0.05,0.015,-84.9
-0.05,0.015,-84.95
-0.05,0.015,-85.0
-0.05,0.015,-85.05
-0.05,0.015,-85.1
-0.05,0.015,-85.15
-0.05,0.015,-85.2
-0.05,0.015,-85.25
-0.05,0.015,-85.3
-0.05,0.015,-85.35
-0.05,0.015,-85.4
-0.05,0.015,-85.45
-0.05,0.015,-85.5
-0.05,0.015,-85.55
-0.05,0.015,-85.6
-0.05,0.015,-85.65
-0.05,0.015,-85.7
-0.05,0.015,-85.75
-0.05,0.015,-85.8
-0.05,0.015,-85.85
-0.05,0.015,-85.9
-0.05,0.015,-85.95
-0.05,0.015,-86.0
-0.05,0.015,-86.05
-0.05,0.015,-86.1
-0.05,0.015,-86.15
-0.05,0.015,-86.2
-0.05,0.015,-86.25
-0.05,0.015,-86.3
-0.05,0.015,-86.35
-0.05,0.015,-86.4
-0.05,0.015,-86.45
-0.05,0.015,-86.5
-0.05,0.015,-86.55
-0.05,0.015,-86.6
-0.05,0.015,-86.65
-0.05,0.015,-86.7
-0.05,0.015,-86.75
-0.05,0.015,-86.8
-0.05,0.015,-86.85
-0.05,0.015,-86.9
-0.05,0.015,-86.95
-0.05,0.015,-87.0
-0.05,0.015,-87.05
-0.05,0.015,-87.1
-0.05,0.015,-87.15
-0.05,0.015,-87.2
-0.05,0.015,-87.25
-0.05,0.015,-87.3
-0.05,0.015,-87.35
-0.05,0.015,-87.4
-0.05,0.015,-87.45
-0.05,0.015,-87.5
-0.05,0.015,-87.55
-0.05,0.015,-87.6
-0.05,0.015,-87.65
-0.05,0.015,-87.7
-0.05,0.015,-87.75
-0.05,0.015,-87.8
-0.05,0.015,-87.85
-0.05,0.015,-87.9
-0.05,0.015,-87.95
-0.05,0.015,-88.0
-0.05,0.015,-88.05
-0.05,0.015,-88.1
-0.05,0.015,-88.15
-0.05,0.015,-88.2
-0.05,0.015,-88.25
-0.05,0.015,-88.3
-0.05,0.015,-88.35
-0.05,0.015,-88.4
-0.05,0.015,-88.45
-0.05,0.015,-88.5
-0.05,0.015,-88.55
-0.05,0.015,-88.6
-0.05,0.015,-88.65
-0.05,0.015,-88.7
-0.05,0.015,-88.75
-0.05,0.015,-88.8
-0.05,0.015,-88.85
-0.05,0.015,-88.9
-0.05,0.015,-88.95
-0.05,0.015,-89.0
-0.05,0.015,-89.05
-0.05,0.015,-89.1
-0.05,0.015,-89.15
-0.05,0.015,-89.2
-0.05,0.015,-89.25
-0.05,0.015,-89.3
-0.05,0.015,-89.35
-0.05,0.015,-89.4
-0.05,0.015,-89.45
-0.05,0.015,-89.5
-0.05,0.015,-89.55
-0.05,0.015,-89.6
-0.05,0.015,-89.65
-0.05,0.015,-89.7
-0.05,0.015,-89.75
-0.05,0.015,-89.8
-0.05,0.015,-89.85
-0.05,0.015,-89.9
-0.05,0.015,-89.95
-0.05,0.015,-90.0
-0.05,0.015,-90.05
-0.05,0.015,-90.1
-0.05,0.015,-90.15
-0.05,0.015,-90.2
-0.05,0.015,-90.25
-0.05,0.015,-90.3
-0.05,0.015,-90.35
-0.05,0.015,-90.4
-0.05,0.015,-90.45
-0.05,0.015,-90.5
-0.05,0.015,-90.55
-0.05,0.015,-90.6
-0.05,0.015,-90.65
-0.05,0.015,-90.7
-0.05,0.015,-90.75
-0.05,0.015,-90.8
-0.05,0.015,-90.85
-0.05,0.015,-90.9
-0.05,0.015,-90.95
-0.05,0.015,-91.0
-0.05,0.015,-91.05
-0.05,0.015,-91.1
-0.05,0.015,-91.15
-0.05,0.015,-91.2
-0.05,0.015,-91.25
-0.05,0.015,-91.3
-0.05,0.015,-91.35
-0.05,0.015,-91.4
-0.05,0.015,-91.45
-0.05,0.015,-91.5
-0.05,0.015,-91.55
-0.05,0.015,-91.6
-0.05,0.015,-91.65
-0.05,0.015,-91.7
-0.05,0.015,-91.75
-0.05,0.015,-91.8
-0.05,0.015,-91.85
-0.05,0.015,-91.9
-0.05,0.015,-91.95
-0.05,0.015,-92.0
-0.05,0.015,-92.05
-0.05,0.015,-92.1
-0.05,0.015,-92.15
-0.05,0.015,-92.2
-0.05,0.015,-92.25
-0.05,0.015,-92.3
-0.05,0.015,-92.35
-0.05,0.015,-92.4
-0.05,0.015,-92.45
-0.05,0.015,-92.5
-0.05,0.015,-92.55
-0.05,0.015,-92.6
-0.05,0.015,-92.65
-0.05,0.015,-92.7
-0.05,0.015,-92.75
-0.05,0.015,-92.8
-0.05,0.015,-92.85
-0.05,0.015,-92.9
-0.05,0.015,-92.95
-0.05,0.015,-93.0
-0.05,0.015,-93.05
-0.05,0.015,-93.1
-0.05,0.015,-93.15
-0.05,0.015,-93.2
-0.05,0.015,-93.25
-0.05,0.015,-93.3
-0.05,0.015,-93.35
-0.05,0.015,-93.4
-0.05,0.015,-93.45
-0.05,0.015,-93.5
-0.05,0.015,-93.55
-0.05,0.015,-93.6
-0.05,0.015,-93.65
-0.05,0.015,-93.7
-0.05,0.015,-93.75
-0.05,0.015,-93.8
-0.05,0.015,-93.85
-0.05,0.015,-93.9
-0.05,0.015,-93.95
-0.05,0.015,-94.0
-0.05,0.015,-94.05
-0.05,0.015,-94.1
-0.05,0.015,-94.15
-0.05,0.015,-94.2
-0.05,0.015,-94.25
-0.05,0.015,-94.3
-0.05,0.015,-94.35
-0.05,0.015,-94.4
-0.05,0.015,-94.45
-0.05,0.015,-94.5
-0.05,0.015,-94.55
-0.05,0.015,-94.6
-0.05,0.015,-94.65
-0.05,0.015,-94.7
-0.05,0.015,-94.75
-0.05,0.015,-94.8
-0.05,0.015,-94.85
-0.05,0.015,-94.9
-0.05,0.015,-94.95
-0.05,0.015,-95.0
-0.05,0.015,-95.05
-0.05,0.015,-95.1
-0.05,0.015,-95.15
-0.05,0.015,-95.2
-0.05,0.015,-95.25
-0.05,0.015,-95.3
-0.05,0.015,-95.35
-0.05,0.015,-95.4
-0.05,0.015,-95.45
-0.05,0.015,-95.5
-0.05,0.015,-95.55
-0.05,0.015,-95.6
-0.05,0.015,-95.65
-0.05,0.015,-95.7
-0.05,0.015,-95.75
-0.05,0.015,-95.8
-0.05,0.015,-95.85
-0.05,0.015,-95.9
-0.05,0.015,-95.95
-0.05,0.015,-96.0
-0.05,0.015,-96.05
-0.05,0.015,-96.1
-0.05,0.015,-96.15
-0.05,0.015,-96.2
-0.05,0.015,-96.25
-0.05,0.015,-96.3
-0.05,0.015,-96.35
-0.05,0.015,-96.4
-0.05,0.015,-96.45
-0.05,0.015,-96.5
-0.05,0.015,-96.55
-0.05,0.015,-96.6
-0.05,0.015,-96.65
-0.05,0.015,-96.7
-0.05,0.015,-96.75
-0.05,0.015,-96.8
-0.05,0.015,-96.85
-0.05,0.015,-96.9
-0.05,0.015,-96.95
-0.05,0.015,-97.0
-0.05,0.015,-97.05
-0.05,0.015,-97.1
-0.05,0.015,-97.15
-0.05,0.015,-97.2
-0.05,0.015,-97.25
-0.05,0.015,-97.3
-0.05,0.015,-97.35
-0.05,0.015,-97.4
-0.05,0.015,-97.45
-0.05,0.015,-97.5
-0.05,0.015,-97.55
-0.05,0.015,-97.6
-0.05,0.015,-97.65
-0.05,0.015,-97.7
-0.05,0.015,-97.75
-0.05,0.015,-97.8
-0.05,0.015,-97.85
-0.05,0.015,-97.9
-0.05,0.015,-97.95
-0.05,0.015,-98.0
-0.05,0.015,-98.05
-0.05,0.015,-98.1
-0.05,0.015,-98.15
-0.05,0.015,-98.2
-0.05,0.015,-98.25
-0.05,0.015,-98.3
-0.05,0.015,-98.35
-0.05,0.015,-98.4
-0.05,0.015,-98.45
-0.05,0.015,-98.5
-0.05,0.015,-98.55
-0.05,0.015,-98.6
-0.05,0.015,-98.65
-0.05,0.015,-98.7
-0.05,0.015,-98.75
-0.05,0.015,-98.8
-0.05,0.015,-98.85
-0.05,0.015,-98.9
-0.05,0.015,-98.95
-0.05,0.015,-99.0
-0.05,0.015,-99.05
-0.05,0.015,-99.1
-0.05,0.015,-99.15
-0.05,0.015,-99.2
-0.05,0.015,-99.25
-0.05,0.015,-99.3
-0.05,0.015,-99.35
-0.05,0.015,-99.4
-0.05,0.015,-99.45
-0.05,0.015,-99.5
-0.05,0.015,-99.55
-0.05,0.015,-99.6
-0.05,0.015,-99.65
-0.05,0.015,-99.7
-0.05,0.015,-99.75
-0.05,0.015,-99.8
-0.05,0.015,-99.85
-0.05,0.015,-99.9
-0.05,0.015,-99.95
-0.05,0.015,-100.0
-0.05,0.015,-100.05
-0.05,0.015,-100.1
-0.05,0.015,-100.15
-0.05,0.015,-100.2
-0.05,0.015,-100.25
-0.05,0.015,-100.3
-0.05,0.015,-100.35
-0.05,0.015,-100.4
-0.05,0.015,-100.45
-0.05,0.015,-100.5
-0.05,0.015,-100.55
-0.05,0.015,-100.6
-0.05,0.015,-100.65
-0.05,0.015,-100.7
-0.05,0.015,-100.75
-0.05,0.015,-100.8
-0.05,0.015,-100.85
-0.05,0.015,-100.9
-0.05,0.015,-100.95
-0.05,0.015,-101.0
-0.05,0.015,-101.05
-0.05,0.015,-101.1
-0.05,0.015,-101.15
-0.05,0.015,-101.2
-0.05,0.015,-101.25
-0.05,0.015,-101.3
-0.05,0.015,-101.35
-0.05,0.015,-101.4
-0.05,0.015,-101.45
-0.05,0.015,-101.5
-0.05,0.015,-101.55
-0.05,0.015,-101.6
-0.05,0.015,-101.65
-0.05,0.015,-101.7
-0.05,0.015,-101.75
-0.05,0.015,-101.8
-0.05,0.015,-101.85
-0.05,0.015,-101.9
-0.05,0.015,-101.95
-0.05,0.015,-102.0
-0.05,0.015,-102.05
-0.05,0.015,-102.1
-0.05,0.015,-102.15
-0.05,0.015,-102.2
-0.05,0.015,-102.25
-0.05,0.015,-102.3
-0.05,0.015,-102.35
-0.05,0.015,-102.4
-0.05,0.015,-102.45
-0.05,0.015,-102.5
-0.05,0.015,-102.55
-0.05,0.015,-102.6
-0.05,0.015,-102.65
-0.05,0.015,-102.7
-0.05,0.015,-102.75
-0.05,0.015,-102.8
-0.05,0.015,-102.85
-0.05,0.015,-102.9
-0.05,0.015,-102.95
-0.05,0.015,-103.0
-0.05,0.015,-103.05
-0.05,0.015,-103.1
-0.05,0.015,-103.15
-0.05,0.015,-103.2
-0.05,0.015,-103.25
-0.05,0.015,-103.3
-0.05,0.015,-103.35
-0.05,0.015,-103.4
-0.05,0.015,-103.45
-0.05,0.015,-103.5
-0.05,0.015,-103.55
-0.05,0.015,-103.6
-0.05,0.015,-103.65
-0.05,0.015,-103.7
-0.05,0.015,-103.75
-0.05,0.015,-103.8
-0.05,0.015,-103.85
-0.05,0.015,-103.9
-0.05,0.015,-103.95
-0.05,0.015,-104.0
-0.05,0.015,-104.05
-0.05,0.015,-104.1
-0.05,0.015,-104.15
-0.05,0.015,-104.2
-0.05,0.015,-104.25
-0.05,0.015,-104.3
-0.05,0.015,-104.35
-0.05,0.015,-104.4
-0.05,0.015,-104.45
-0.05,0.015,-104.5
-0.05,0.015,-104.55
-0.05,0.015,-104.6
-0.05,0.015,-104.65
-0.05,0.015,-104.7
-0.05,0.015,-104.75
-0.05,0.015,-104.8
-0.05,0.015,-104.85
-0.05,0.015,-104.9
-0.05,0.015,-104.95
-0.05,0.015,-105.0
-0.05,0.015,-105.05
-0.05,0.015,-105.1
-0.05,0.015,-105.15
-0.05,0.015,-105.2
-0.05,0.015,-105.25
-0.05,0.015,-105.3
-0.05,0.015,-105.35
-0.05,0.015,-105.4
-0.05,0.015,-105.45
-0.1,0.015,-105.45
-0.15,0.015,-105.45
-0.2,0.015,-105.45
-0.25,0.015,-105.45
-0.25,0.015,-105.5
-0.25,0.015,-105.55
-0.25,0.015,-105.6
-0.25,0.015,-105.65
-0.25,0.015,-105.7
-0.25,0.015,-105.75
-0.25,0.015,-105.8
-0.25,0.015,-105.85
-0.25,0.015,-105.9
-0.25,0.015,-105.95
-0.25,0.015,-106.0
-0.25,0.015,-106.05
-0.25,0.015,-106.1
-0.25,0.015,-106.15
-0.25,0.015,-106.2
-0.25,0.015,-106.25
-0.25,0.015,-106.3
-0.25,0.015,-106.35
-0.25,0.015,-106.4
-0.25,0.015,-106.45
-0.25,0.015,-106.5
-0.25,0.015,-106.55
-0.25,0.015,-106.6
-0.25,0.015,-106.65
-0.25,0.015,-106.7
-0.25,0.015,-106.75
-0.25,0.015,-106.8
-0.25,0.015,-106.85
-0.25,0.015,-106.9
-0.25,0.015,-106.95
-0.25,0.015,-107.0
-0.25,0.015,-107.05
-0.25,0.015,-107.1
-0.25,0.015,-107.15
-0.25,0.015,-107.2
-0.25,0.015,-107.25
-0.25,0.015,-107.3
-0.25,0.015,-107.35
-0.25,0.015,-107.4
-0.25,0.015,-107.45
-0.25,0.015,-107.5
-0.25,0.015,-107.55
-0.25,0.015,-107.6
-0.25,0.015,-107.65
-0.25,0.015,-107.7
-0.25,0.015,-107.75
-0.25,0.015,-107.8
-0.25,0.015,-107.85
-0.25,0.015,-107.9
-0.25,0.015,-107.95
-0.25,0.015,-108.0
-0.25,0.015,-108.05
-0.25,0.015,-108.1
-0.25,0.015,-108.15
-0.25,0.015,-108.2
-0.25,0.015,-108.25
-0.25,0.015,-108.3
-0.25,0.015,-108.35
-0.25,0.015,-108.4
-0.25,0.015,-108.45
-0.25,0.015,-108.5
-0.25,0.015,-108.55
-0.25,0.015,-108.6
-0.25,0.015,-108.65
-0.25,0.015,-108.7
-0.25,0.015,-108.75
-0.25,0.015,-108.8
-0.25,0.015,-108.85
-0.25,0.015,-108.9
-0.25,0.015,-108.95
-0.25,0.015,-109.0
-0.25,0.015,-109.05
-0.25,0.015,-109.1
-0.25,0.015,-109.15
-0.25,0.015,-109.2
-0.25,0.015,-109.25
-0.25,0.015,-109.3
-0.25,0.015,-109.35
-0.25,0.015,-109.4
-0.25,0.015,-109.45
-0.25,0.015,-109.5
-0.25,0.015,-109.55
-0.25,0.015,-109.6
-0.25,0.015,-109.65
-0.25,0.015,-109.7
-0.25,0.015,-109.75
-0.25,0.015,-109.8
-0.25,0.015,-109.85
-0.25,0.015,-109.9
-0.25,0.015,-109.95
-0.25,0.015,-110.0
-0.25,0.015,-110.05
-0.25,0.015,-110.1
-0.25,0.015,-110.15
-0.25,0.015,-110.2
-0.25,0.015,-110.25
-0.25,0.015,-110.3
-0.25,0.015,-110.35
-0.25,0.015,-110.4
-0.25,0.015,-110.45
-0.25,0.015,-110.5
-0.25,0.015,-110.55
-0.25,0.015,-110.6
-0.25,0.015,-110.65
-0.25,0.015,-110.7
-0.25,0.015,-110.75
-0.25,0.015,-110.8
-0.25,0.015,-110.85
-0.25,0.015,-110.9
-0.25,0.015,-110.95
-0.25,0.015,-111.0
-0.25,0.015,-111.05
-0.25,0.015,-111.1
-0.25,0.015,-111.15
-0.25,0.015,-111.2
-0.25,0.015,-111.25
-0.25,0.015,-111.3
-0.25,0.015,-111.35
-0.25,0.015,-111.4
-0.25,0.015,-111.45
-0.25,0.015,-111.5
-0.25,0.015,-111.55
-0.25,0.015,-111.6
-0.25,0.015,-111.65
-0.25,0.015,-111.7
-0.25,0.015,-111.75
-0.25,0.015,-111.8
-0.25,0.015,-111.85
-0.25,0.015,-111.9
-0.25,0.015,-111.95
-0.25,0.015,-112.0
-0.25,0.015,-112.05
-0.25,0.015,-112.1
-0.25,0.015,-112.15
-0.25,0.015,-112.2
-0.25,0.015,-112.25
-0.25,0.015,-112.3
-0.25,0.015,-112.35
-0.25,0.015,-112.4
-0.25,0.015,-112.45
-0.25,0.015,-112.5
-0.25,0.015,-112.55
-0.25,0.015,-112.6
-0.25,0.015,-112.65
-0.25,0.015,-112.7
-0.25,0.015,-112.75
-0.25,0.015,-112.8
-0.25,0.015,-112.85
-0.25,0.015,-112.9
-0.25,0.015,-112.95
-0.25,0.015,-113.0
-0.25,0.015,-113.05
-0.25,0.015,-113.1
-0.25,0.015,-113.15
-0.25,0.015,-113.2
-0.25,0.015,-113.25
-0.25,0.015,-113.3
-0.25,0.015,-113.35
-0.25,0.015,-113.4
-0.25,0.015,-113.45
-0.25,0.015,-113.5
-0.25,0.015,-113.55
-0.25,0.015,-113.6
-0.25,0.015,-113.65
-0.25,0.015,-113.7
-0.25,0.015,-113.75
-0.25,0.015,-113.8
-0.25,0.015,-113.85
-0.25,0.015,-113.9
-0.25,0.015,-113.95
-0.25,0.015,-114.0
-0.25,0.015,-114.05
-0.25,0.015,-114.1
-0.25,0.015,-114.15
-0.25,0.015,-114.2
-0.25,0.015,-114.25
-0.25,0.015,-114.3
-0.25,0.015,-114.35
-0.25,0.015,-114.4
-0.25,0.015,-114.45
-0.25,0.015,-114.5
-0.25,0.015,-114.55
-0.25,0.015,-114.6
-0.25,0.015,-114.65
-0.25,0.015,-114.7
-0.25,0.015,-114.75
-0.25,0.015,-114.8
-0.25,0.015,-114.85
-0.25,0.015,-114.9
-0.25,0.015,-114.95
-0.25,0.015,-115.0
-0.25,0.015,-115.05
-0.25,0.015,-115.1
-0.25,0.015,-115.15
-0.25,0.015,-115.2
-0.25,0.015,-115.25
-0.25,0.015,-115.3
-0.25,0.015,-115.35
-0.25,0.015,-115.4
-0.25,0.015,-115.45
-0.25,0.015,-115.5
-0.25,0.015,-115.55
-0.25,0.015,-115.6
-0.25,0.015,-115.65
-0.25,0.015,-115.7
-0.25,0.015,-115.75
-0.25,0.015,-115.8
-0.25,0.015,-115.85
-0.25,0.015,-115.9
-0.25,0.015,-115.95
-0.25,0.015,-116.0
-0.25,0.015,-116.05
-0.25,0.015,-116.1
-0.25,0.015,-116.15
-0.25,0.015,-116.2
-0.25,0.015,-116.25
-0.25,0.015,-116.3
-0.25,0.015,-116.35
-0.25,0.015,-116.4
-0.25,0.015,-116.45
-0.25,0.015,-116.5
-0.25,0.015,-116.55
-0.25,0.015,-116.6
-0.25,0.015,-116.65
-0.25,0.015,-116.7
-0.25,0.015,-116.75
-0.25,0.015,-116.8
-0.25,0.015,-116.85
-0.25,0.015,-116.9
-0.25,0.015,-116.95
-0.25,0.015,-117.0
-0.25,0.015,-117.05
-0.25,0.015,-117.1
-0.25,0.015,-117.15
-0.25,0.015,-117.2
-0.25,0.015,-117.25
-0.25,0.015,-117.3
-0.25,0.015,-117.35
-0.25,0.015,-117.4
-0.25,0.015,-117.45
-0.25,0.015,-117.5
-0.25,0.015,-117.55
-0.25,0.015,-117.6
-0.25,0.015,-117.65
-0.25,0.015,-117.7
-0.25,0.015,-117.75
-0.25,0.015,-117.8
-0.25,0.015,-117.85
-0.25,0.015,-117.9
-0.25,0.015,-117.95
-0.25,0.015,-118.0
-0.25,0.015,-118.05
-0.25,0.015,-118.1
-0.25,0.015,-118.15
-0.25,0.015,-118.2
-0.25,0.015,-118.25
-0.25,0.015,-118.3
-0.25,0.015,-118.35
-0.25,0.015,-118.4
-0.25,0.015,-118.45
-0.25,0.015,-118.5
-0.25,0.015,-118.55
-0.25,0.015,-118.6
-0.25,0.015,-118.65
-0.25,0.015,-118.7
-0.25,0.015,-118.75
-0.25,0.015,-118.8
-0.25,0.015,-118.85
-0.25,0.015,-118.9
-0.25,0.015,-118.95
-0.25,0.015,-119.0
-0.25,0.015,-119.05
-0.25,0.015,-119.1
-0.25,0.015,-119.15
-0.25,0.015,-119.2
-0.25,0.015,-119.25
-0.25,0.015,-119.3
-0.25,0.015,-119.35
-0.25,0.015,-119.4
-0.25,0.015,-119.45
-0.25,0.015,-119.5
-0.25,0.015,-119.55
-0.25,0.015,-119.6
-0.25,0.015,-119.65
-0.25,0.015,-119.7
-0.25,0.015,-119.75
-0.25,0.015,-119.8
-0.25,0.015,-119.85
-0.25,0.015,-119.9
-0.25,0.015,-119.95
-0.25,0.015,-120.0
-0.25,0.015,-120.05
-0.25,0.015,-120.1
-0.25,0.015,-120.15
-0.25,0.015,-120.2
-0.25,0.015,-120.25
-0.25,0.015,-120.3
-0.25,0.015,-120.35
-0.25,0.015,-120.4
-0.25,0.015,-120.45
-0.25,0.015,-120.5
-0.25,0.015,-120.55
-0.25,0.015,-120.6
-0.25,0.015,-120.65
-0.25,0.015,-120.7
-0.25,0.015,-120.75
-0.25,0.015,-120.8
-0.25,0.015,-120.85
-0.25,0.015,-120.9
-0.25,0.015,-120.95
-0.25,0.015,-121.0
-0.25,0.015,-121.05
-0.25,0.015,-121.1
-0.25,0.015,-121.15
-0.25,0.015,-121.2
-0.25,0.015,-121.25
-0.25,0.015,-121.3
-0.25,0.015,-121.35
-0.25,0.015,-121.4
-0.25,0.015,-121.45
-0.25,0.015,-121.5
-0.25,0.015,-121.55
-0.25,0.015,-121.6
-0.25,0.015,-121.65
-0.25,0.015,-121.7
-0.25,0.015,-121.75
-0.25,0.015,-121.8
-0.25,0.015,-121.85
-0.25,0.015,-121.9
-0.25,0.015,-121.95
-0.25,0.015,-122.0
-0.25,0.015,-122.05
-0.25,0.015,-122.1
-0.25,0.015,-122.15
-0.25,0.015,-122.2
-0.25,0.015,-122.25
-0.25,0.015,-122.3
-0.25,0.015,-122.35
-0.25,0.015,-122.4
-0.25,0.015,-122.45
-0.25,0.015,-122.5
-0.25,0.015,-122.55
-0.25,0.015,-122.6
-0.25,0.015,-122.65
-0.25,0.015,-122.7
-0.25,0.015,-122.75
-0.25,0.015,-122.8
-0.25,0.015,-122.85
-0.25,0.015,-122.9
-0.25,0.015,-122.95
-0.25,0.015,-123.0
-0.25,0.015,-123.05
-0.25,0.015,-123.1
-0.25,0.015,-123.15
-0.25,0.015,-123.2
-0.25,0.015,-123.25
-0.25,0.015,-123.3
-0.25,0.015,-123.35
-0.25,0.015,-123.4
-0.25,0.015,-123.45
-0.25,0.015,-123.5
-0.25,0.015,-123.55
-0.25,0.015,-123.6
-0.25,0.015,-123.65
-0.25,0.015,-123.7
-0.25,0.015,-123.75
-0.25,0.015,-123.8
-0.25,0.015,-123.85
-0.25,0.015,-123.9
-0.25,0.015,-123.95
-0.25,0.015,-124.0
-0.25,0.015,-124.05
-0.25,0.015,-124.1
-0.25,0.015,-124.15
-0.25,0.015,-124.2
-0.25,0.015,-124.25
-0.25,0.015,-124.3
-0.25,0.015,-124.35
-0.25,0.015,-124.4
-0.25,0.015,-124.45
-0.25,0.015,-124.5
-0.25,0.015,-124.55
-0.25,0.015,-124.6
-0.25,0.015,-124.65
-0.25,0.015,-124.7
-0.25,0.015,-124.75
-0.25,0.015,-124.8
-0.25,0.015,-124.85
-0.25,0.015,-124.9
-0.25,0.015,-124.95
-0.25,0.015,-125.0
-0.25,0.015,-125.05
-0.25,0.015,-125.1
-0.25,0.015,-125.15
-0.25,0.015,-125.2
-0.25,0.015,-125.25
-0.25,0.015,-125.3
-0.25,0.015,-125.35
-0.25,0.015,-125.4
-0.25,0.015,-125.45
-0.25,0.015,-125.5
-0.25,0.015,-125.55
-0.25,0.015,-125.6
-0.25,0.015,-125.65
-0.25,0.015,-125.7
-0.25,0.015,-125.75
-0.25,0.015,-125.8
-0.25,0.015,-125.85
-0.25,0.015,-125.9
-0.25,0.015,-125.95
-0.25,0.015,-126.0
-0.25,0.015,-126.05
-0.25,0.015,-126.1
-0.25,0.015,-126.15
-0.25,0.015,-126.2
-0.25,0.015,-126.25
-0.25,0.015,-126.3
-0.25,0.015,-126.35
-0.25,0.015,-126.4
-0.25,0.015,-126.45
-0.25,0.015,-126.5
-0.25,0.015,-126.55
-0.25,0.015,-126.6
-0.25,0.015,-126.65
-0.25,0.015,-126.7
-0.25,0.015,-126.75
-0.25,0.015,-126.8
-0.25,0.015,-126.85
-0.25,0.015,-126.9
-0.25,0.015,-126.95
-0.25,0.015,-127.0
-0.25,0.015,-127.05
-0.25,0.015,-127.1
-0.25,0.015,-127.15
-0.25,0.015,-127.2
-0.25,0.015,-127.25
-0.25,0.015,-127.3
-0.25,0.015,-127.35
-0.25,0.015,-127.4
-0.25,0.015,-127.45
-0.25,0.015,-127.5
-0.25,0.015,-127.55
-0.25,0.015,-127.6
-0.25,0.015,-127.65
-0.25,0.015,-127.7
-0.25,0.015,-127.75
-0.25,0.015,-127.8
-0.25,0.015,-127.85
-0.25,0.015,-127.9
-0.25,0.015,-127.95
-0.25,0.015,-128.0
-0.25,0.015,-128.05
-0.25,0.015,-128.1
-0.25,0.015,-128.15
-0.25,0.015,-128.2
-0.25,0.015,-128.25
-0.25,0.015,-128.3
-0.25,0.015,-128.35
-0.25,0.015,-128.4
-0.25,0.015,-128.45
-0.25,0.015,-128.5
-0.25,0.015,-128.55
-0.25,0.015,-128.6
-0.25,0.015,-128.65
-0.25,0.015,-128.7
-0.25,0.015,-128.75
-0.25,0.015,-128.8
-0.25,0.015,-128.85
-0.25,0.015,-128.9
-0.25,0.015,-128.95
-0.25,0.015,-129.0
-0.25,0.015,-129.05
-0.25,0.015,-129.1
-0.25,0.015,-129.15
-0.25,0.015,-129.2
-0.25,0.015,-129.25
-0.25,0.015,-129.3
-0.25,0.015,-129.35
-0.25,0.015,-129.4
-0.25,0.015,-129.45
-0.25,0.015,-129.5
-0.25,0.015,-129.55
-0.25,0.015,-129.6
-0.25,0.015,-129.65
-0.25,0.015,-129.7
-0.25,0.015,-129.75
-0.25,0.015,-129.8
-0.25,0.015,-129.85
-0.25,0.015,-129.9
-0.25,0.015,-129.95
-0.25,0.015,-130.0
-0.25,0.015,-130.05
-0.25,0.015,-130.1
-0.25,0.015,-130.15
-0.25,0.015,-130.2
-0.25,0.015,-130.25
-0.25,0.015,-130.3
-0.25,0.015,-130.35
-0.25,0.015,-130.4
-0.25,0.015,-130.45
-0.25,0.015,-130.5
-0.25,0.015,-130.55
-0.25,0.015,-130.6
-0.25,0.015,-130.65
-0.25,0.015,-130.7
-0.25,0.015,-130.75
-0.25,0.015,-130.8
-0.25,0.015,-130.85
-0.25,0.015,-130.9
-0.25,0.015,-130.95
-0.25,0.015,-131.0
-0.25,0.015,-131.05
-0.25,0.015,-131.1
-0.25,0.015,-131.15
-0.25,0.015,-131.2
-0.25,0.015,-131.25
-0.25,0.015,-131.3
-0.25,0.015,-131.35
-0.25,0.015,-131.4
-0.25,0.015,-131.45
-0.25,0.015,-131.5
-0.25,0.015,-131.55
-0.25,0.015,-131.6
-0.25,0.015,-131.65
-0.25,0.015,-131.7
-0.25,0.015,-131.75
-0.25,0.015,-131.8
-0.25,0.015,-131.85
-0.25,0.015,-131.9
-0.25,0.015,-131.95
-0.25,0.015,-132.0
-0.25,0.015,-132.05
-0.25,0.015,-132.1
-0.25,0.015,-132.15
-0.25,0.015,-132.2
-0.25,0.015,-132.25
-0.25,0.015,-132.3
-0.25,0.015,-132.35
-0.25,0.015,-132.4
-0.25,0.015,-132.45
-0.25,0.015,-132.5
-0.25,0.015,-132.55
-0.25,0.015,-132.6
-0.25,0.015,-132.65
-0.25,0.015,-132.7
-0.25,0.015,-132.75
-0.25,0.015,-132.8
-0.25,0.015,-132.85
-0.25,0.015,-132.9
-0.25,0.015,-132.95
-0.25,0.015,-133.0
-0.25,0.015,-133.05
-0.25,0.015,-133.1
-0.25,0.015,-133.15
-0.25,0.015,-133.2
-0.25,0.015,-133.25
-0.25,0.015,-133.3
-0.25,0.015,-133.35
-0.25,0.015,-133.4
-0.25,0.015,-133.45
-0.25,0.015,-133.5
-0.25,0.015,-133.55
-0.25,0.015,-133.6
-0.25,0.015,-133.65
-0.25,0.015,-133.7
-0.25,0.015,-133.75
-0.25,0.015,-133.8
-0.25,0.015,-133.85
-0.25,0.015,-133.9
-0.25,0.015,-133.95
-0.25,0.015,-134.0
-0.25,0.015,-134.05
-0.25,0.015,-134.1
-0.25,0.015,-134.15
-0.25,0.015,-134.2
-0.25,0.015,-134.25
-0.25,0.015,-134.3
-0.25,0.015,-134.35
-0.25,0.015,-134.4
-0.25,0.015,-134.45
-0.25,0.015,-134.5
-0.25,0.015,-134.55
-0.25,0.015,-134.6
-0.25,0.015,-134.65
-0.25,0.015,-134.7
-0.25,0.015,-134.75
-0.25,0.015,-134.8
-0.25,0.015,-134.85
-0.25,0.015,-134.9
-0.25,0.015,-134.95
-0.25,0.015,-135.0
-0.25,0.015,-135.05
-0.25,0.015,-135.1
-0.25,0.015,-135.15
-0.25,0.015,-135.2
-0.25,0.015,-135.25
-0.25,0.015,-135.3
-0.25,0.015,-135.35
-0.25,0.015,-135.4
-0.25,0.015,-135.45
-0.25,0.015,-135.5
-0.25,0.015,-135.55
-0.25,0.015,-135.6
-0.25,0.015,-135.65
-0.25,0.015,-135.7
-0.25,0.015,-135.75
-0.25,0.015,-135.8
-0.25,0.015,-135.85
-0.25,0.015,-135.9
-0.25,0.015,-135.95
-0.25,0.015,-136.0
-0.25,0.015,-136.05
-0.25,0.015,-136.1
-0.25,0.015,-136.15
-0.25,0.015,-136.2
-0.25,0.015,-136.25
-0.25,0.015,-136.3
-0.25,0.015,-136.35
-0.25,0.015,-136.4
-0.25,0.015,-136.45
-0.25,0.015,-136.5
-0.25,0.015,-136.55
-0.25,0.015,-136.6
-0.25,0.015,-136.65
-0.25,0.015,-136.7
-0.25,0.015,-136.75
-0.25,0.015,-136.8
-0.25,0.015,-136.85
-0.25,0.015,-136.9
-0.25,0.015,-136.95
-0.25,0.015,-137.0
-0.25,0.015,-137.05
-0.25,0.015,-137.1
-0.25,0.015,-137.15
-0.25,0.015,-137.2
-0.25,0.015,-137.25
-0.25,0.015,-137.3
-0.25,0.015,-137.35
-0.25,0.015,-137.4
-0.25,0.015,-137.45
-0.25,0.015,-137.5
-0.25,0.015,-137.55
-0.25,0.015,-137.6
-0.25,0.015,-137.65
-0.25,0.015,-137.7
-0.25,0.015,-137.75
-0.25,0.015,-137.8
-0.25,0.015,-137.85
-0.25,0.015,-137.9
-0.25,0.015,-137.95
-0.25,0.015,-138.0
-0.25,0.015,-138.05
-0.25,0.015,-138.1
-0.25,0.015,-138.15
-0.25,0.015,-138.2
-0.25,0.015,-138.25
-0.25,0.015,-138.3
-0.25,0.015,-138.35
-0.25,0.015,-138.4
-0.25,0.015,-138.45
-0.25,0.015,-138.5
-0.25,0.015,-138.55
-0.25,0.015,-138.6
-0.25,0.015,-138.65
-0.25,0.015,-138.7
-0.25,0.015,-138.75
-0.25,0.015,-138.8
-0.25,0.015,-138.85
-0.25,0.015,-138.9
-0.25,0.015,-138.95
-0.25,0.015,-139.0
-0.25,0.015,-139.05
-0.25,0.015,-139.1
-0.25,0.015,-139.15
-0.25,0.015,-139.2
-0.25,0.015,-139.25
-0.25,0.015,-139.3
-0.25,0.015,-139.35
-0.25,0.015,-139.4
-0.25,0.015,-139.45
-0.25,0.015,-139.5
-0.25,0.015,-139.55
-0.25,0.015,-139.6
-0.25,0.015,-139.65
-0.25,0.015,-139.7
-0.25,0.015,-139.75
-0.25,0.015,-139.8
-0.25,0.015,-139.85
-0.25,0.015,-139.9
-0.25,0.015,-139.95
-0.25,0.015,-140.0
-0.25,0.015,-140.05
-0.25,0.015,-140.1
-0.25,0.015,-140.15
-0.25,0.015,-140.2
-0.25,0.015,-140.25
-0.25,0.015,-140.3
-0.25,0.015,-140.35
-0.25,0.015,-140.4
-0.25,0.015,-140.45
-0.25,0.015,-140.5
-0.25,0.015,-140.55
-0.25,0.015,-140.6
-0.25,0.015,-140.65
-0.25,0.015,-140.7
-0.25,0.015,-140.75
-0.25,0.015,-140.8
-0.25,0.015,-140.85
-0.25,0.015,-140.9
-0.25,0.015,-140.95
-0.25,0.015,-141.0
-0.25,0.015,-141.05
-0.25,0.015,-141.1
-0.25,0.015,-141.15
-0.25,0.015,-141.2
-0.25,0.015,-141.25
-0.25,0.015,-141.3
-0.25,0.015,-141.35
-0.25,0.015,-141.4
-0.25,0.015,-141.45
-0.25,0.015,-141.5
-0.25,0.015,-141.55
-0.25,0.015,-141.6
-0.25,0.015,-141.65
-0.25,0.015,-141.7
-0.25,0.015,-141.75
-0.25,0.015,-141.8
-0.25,0.015,-141.85
-0.25,0.015,-141.9
-0.25,0.015,-141.95
-0.25,0.015,-142.0
-0.25,0.015,-142.05
-0.25,0.015,-142.1
-0.25,0.015,-142.15
-0.25,0.015,-142.2
-0.25,0.015,-142.25
-0.25,0.015,-142.3
-0.25,0.015,-142.35
-0.25,0.015,-142.4
-0.25,0.015,-142.45
-0.25,0.015,-142.5
-0.25,0.015,-142.55
-0.25,0.015,-142.6
-0.25,0.015,-142.65
-0.25,0.015,-142.7
-0.25,0.015,-142.75
-0.25,0.015,-142.8
-0.25,0.015,-142.85
-0.25,0.015,-142.9
-0.25,0.015,-142.95
-0.25,0.015,-143.0
-0.25,0.015,-143.05
-0.25,0.015,-143.1
-0.25,0.015,-143.15
-0.25,0.015,-143.2
-0.25,0.015,-143.25
-0.25,0.015,-143.3
-0.25,0.015,-143.35
-0.25,0.015,-143.4
-0.25,0.015,-143.45
-0.25,0.015,-143.5
-0.25,0.015,-143.55
-0.25,0.015,-143.6
-0.25,0.015,-143.65
-0.25,0.015,-143.7
-0.25,0.015,-143.75
-0.25,0.015,-143.8
-0.25,0.015,-143.85
-0.25,0.015,-143.9
-0.25,0.015,-143.95
-0.25,0.015,-144.0
-0.25,0.015,-144.05
-0.25,0.015,-144.1
-0.25,0.015,-144.15
-0.25,0.015,-144.2
-0.25,0.015,-144.25
-0.25,0.015,-144.3
-0.25,0.015,-144.35
-0.25,0.015,-144.4
-0.25,0.015,-144.45
-0.25,0.015,-144.5
-0.25,0.015,-144.55
-0.25,0.015,-144.6
-0.25,0.015,-144.65
-0.25,0.015,-144.7
-0.25,0.015,-144.75
-0.25,0.015,-144.8
-0.25,0.015,-144.85
-0.25,0.015,-144.9
-0.25,0.015,-144.95
-0.25,0.015,-145.0
-0.25,0.015,-145.05
-0.25,0.015,-145.1
-0.25,0.015,-145.15
-0.25,0.015,-145.2
-0.25,0.015,-145.25
-0.25,0.015,-145.3
-0.25,0.015,-145.35
-0.25,0.015,-145.4
-0.25,0.015,-145.45
-0.25,0.015,-145.5
-0.25,0.015,-145.55
-0.25,0.015,-145.6
-0.25,0.015,-145.65
-0.25,0.015,-145.7
-0.25,0.015,-145.75
-0.25,0.015,-145.8
-0.25,0.015,-145.85
-0.25,0.015,-145.9
-0.25,0.015,-145.95
-0.25,0.015,-146.0
-0.25,0.015,-146.05
-0.25,0.015,-146.1
-0.25,0.015,-146.15
-0.25,0.015,-146.2
-0.25,0.015,-146.25
-0.25,0.015,-146.3
-0.25,0.015,-146.35
-0.25,0.015,-146.4
-0.25,0.015,-146.45
-0.25,0.015,-146.5
-0.25,0.015,-146.55
-0.25,0.015,-146.6
-0.25,0.015,-146.65
-0.25,0.015,-146.7
-0.25,0.015,-146.75
-0.25,0.015,-146.8
-0.25,0.015,-146.85
-0.25,0.015,-146.9
-0.25,0.015,-146.95
-0.25,0.015,-147.0
-0.25,0.015,-147.05
-0.25,0.015,-147.1
-0.25,0.015,-147.15
-0.25,0.015,-147.2
-0.25,0.015,-147.25
-0.25,0.015,-147.3
-0.25,0.015,-147.35
-0.25,0.015,-147.4
-0.25,0.015,-147.45
-0.25,0.015,-147.5
-0.25,0.015,-147.55
-0.25,0.015,-147.6
-0.25,0.015,-147.65
-0.25,0.015,-147.7
-0.25,0.015,-147.75
-0.25,0.015,-147.8
-0.25,0.015,-147.85
-0.25,0.015,-147.9
-0.25,0.015,-147.95
-0.25,0.015,-148.0
-0.25,0.015,-148.05
-0.25,0.015,-148.1
-0.25,0.015,-148.15
-0.25,0.015,-148.2
-0.25,0.015,-148.25
-0.25,0.015,-148.3
-0.25,0.015,-148.35
-0.25,0.015,-148.4
-0.25,0.015,-148.45
-0.25,0.015,-148.5
-0.25,0.015,-148.55
-0.25,0.015,-148.6
-0.25,0.015,-148.65
-0.25,0.015,-148.7
-0.25,0.015,-148.75
-0.25,0.015,-148.8
-0.2,0.015,-148.8
-0.15,0.015,-148.8
-0.1,0.015,-148.8
-0.05,0.015,-148.8
-0.0,0.015,-148.8