-1.6929999589920044,3.1100001335144043,0.9674999713897705,-1.6790000200271606,4.389999866485596,1.8025000095367432
-1.6929999589920044,4.610000133514404,0.9674999713897705,-1.6790000200271606,5.889999866485596,1.8025000095367432
-1.6929999589920044,6.110000133514404,0.9674999713897705,-1.6790000200271606,7.389999866485596,1.8025000095367432
-1.6929999589920044,7.610000133514404,0.9674999713897705,-1.6790000200271606,8.890000343322754,1.8025000095367432
-1.6929999589920044,9.109999656677246,0.9674999713897705,-1.6790000200271606,10.390000343322754,1.8025000095367432
-1.6929999589920044,10.609999656677246,0.9674999713897705,-1.6790000200271606,11.890000343322754,1.8025000095367432
-1.6929999589920044,12.109999656677246,0.9674999713897705,-1.6790000200271606,13.390000343322754,1.8025000095367432
-1.6929999589920044,13.609999656677246,0.9674999713897705,-1.6790000200271606,14.890000343322754,1.8025000095367432
-1.6929999589920044,15.109999656677246,0.9674999713897705,-1.6790000200271606,16.389999389648438,1.8025000095367432
-1.6929999589920044,16.610000610351562,0.9674999713897705,-1.6790000200271606,17.889999389648438,1.8025000095367432
-1.6929999589920044,18.110000610351562,0.9674999713897705,-1.6790000200271606,19.389999389648438,1.8025000095367432
-1.6929999589920044,19.610000610351562,0.9674999713897705,-1.6790000200271606,20.889999389648438,1.8025000095367432
1.6790000200271606,3.1100001335144043,0.9674999713897705,1.6929999589920044,4.389999866485596,1.8025000095367432
1.6790000200271606,4.610000133514404,0.9674999713897705,1.6929999589920044,5.889999866485596,1.8025000095367432
1.6790000200271606,6.110000133514404,0.9674999713897705,1.6929999589920044,7.389999866485596,1.8025000095367432
1.6790000200271606,7.610000133514404,0.9674999713897705,1.6929999589920044,8.890000343322754,1.8025000095367432
1.6790000200271606,9.109999656677246,0.9674999713897705,1.6929999589920044,10.390000343322754,1.8025000095367432
1.6790000200271606,10.609999656677246,0.9674999713897705,1.6929999589920044,11.890000343322754,1.8025000095367432
1.6790000200271606,12.109999656677246,0.9674999713897705,1.6929999589920044,13.390000343322754,1.8025000095367432
1.6790000200271606,13.609999656677246,0.9674999713897705,1.6929999589920044,14.890000343322754,1.8025000095367432
1.6790000200271606,15.109999656677246,0.9674999713897705,1.6929999589920044,16.389999389648438,1.8025000095367432
1.6790000200271606,16.610000610351562,0.9674999713897705,1.6929999589920044,17.889999389648438,1.8025000095367432
1.6790000200271606,18.110000610351562,0.9674999713897705,1.6929999589920044,19.389999389648438,1.8025000095367432
1.6790000200271606,19.610000610351562,0.9674999713897705,1.6929999589920044,20.889999389648438,1.8025000095367432
-1.6929999589920044,28.310001373291016,0.9674999713897705,-1.6790000200271606,29.59000015258789,1.8025000095367432
-1.6929999589920044,29.810001373291016,0.9674999713897705,-1.6790000200271606,31.09000015258789,1.8025000095367432
-1.6929999589920044,31.310001373291016,0.9674999713897705,-1.6790000200271606,32.59000015258789,1.8025000095367432
-1.6929999589920044,32.810001373291016,0.9674999713897705,-1.6790000200271606,34.09000015258789,1.8025000095367432
-1.6929999589920044,34.310001373291016,0.9674999713897705,-1.6790000200271606,35.59000015258789,1.8025000095367432
-1.6929999589920044,35.810001373291016,0.9674999713897705,-1.6790000200271606,37.09000015258789,1.8025000095367432
-1.6929999589920044,37.310001373291016,0.9674999713897705,-1.6790000200271606,38.59000015258789,1.8025000095367432
-1.6929999589920044,38.810001373291016,0.9674999713897705,-1.6790000200271606,40.09000015258789,1.8025000095367432
-1.6929999589920044,40.310001373291016,0.9674999713897705,-1.6790000200271606,41.59000015258789,1.8025000095367432
-1.6929999589920044,41.810001373291016,0.9674999713897705,-1.6790000200271606,43.09000015258789,1.8025000095367432
-1.6929999589920044,43.310001373291016,0.9674999713897705,-1.6790000200271606,44.59000015258789,1.8025000095367432
-1.6929999589920044,44.810001373291016,0.9674999713897705,-1.6790000200271606,46.09000015258789,1.8025000095367432
1.6790000200271606,28.310001373291016,0.9674999713897705,1.6929999589920044,29.59000015258789,1.8025000095367432
1.6790000200271606,29.810001373291016,0.9674999713897705,1.6929999589920044,31.09000015258789,1.8025000095367432
1.6790000200271606,31.310001373291016,0.9674999713897705,1.6929999589920044,32.59000015258789,1.8025000095367432
1.6790000200271606,32.810001373291016,0.9674999713897705,1.6929999589920044,34.09000015258789,1.8025000095367432
1.6790000200271606,34.310001373291016,0.9674999713897705,1.6929999589920044,35.59000015258789,1.8025000095367432
1.6790000200271606,35.810001373291016,0.9674999713897705,1.6929999589920044,37.09000015258789,1.8025000095367432
1.6790000200271606,37.310001373291016,0.9674999713897705,1.6929999589920044,38.59000015258789,1.8025000095367432
1.6790000200271606,38.810001373291016,0.9674999713897705,1.6929999589920044,40.09000015258789,1.8025000095367432
1.6790000200271606,40.310001373291016,0.9674999713897705,1.6929999589920044,41.59000015258789,1.8025000095367432
1.6790000200271606,41.810001373291016,0.9674999713897705,1.6929999589920044,43.09000015258789,1.8025000095367432
1.6790000200271606,43.310001373291016,0.9674999713897705,1.6929999589920044,44.59000015258789,1.8025000095367432
1.6790000200271606,44.810001373291016,0.9674999713897705,1.6929999589920044,46.09000015258789,1.8025000095367432
-1.6929999589920044,53.51000213623047,0.9674999713897705,-1.6790000200271606,54.790000915527344,1.8025000095367432
-1.6929999589920044,55.01000213623047,0.9674999713897705,-1.6790000200271606,56.290000915527344,1.8025000095367432
-1.6929999589920044,56.51000213623047,0.9674999713897705,-1.6790000200271606,57.790000915527344,1.8025000095367432
-1.6929999589920044,58.01000213623047,0.9674999713897705,-1.6790000200271606,59.290000915527344,1.8025000095367432
-1.6929999589920044,59.51000213623047,0.9674999713897705,-1.6790000200271606,60.790000915527344,1.8025000095367432
-1.6929999589920044,61.01000213623047,0.9674999713897705,-1.6790000200271606,62.290000915527344,1.8025000095367432
-1.6929999589920044,62.51000213623047,0.9674999713897705,-1.6790000200271606,63.790000915527344,1.8025000095367432
-1.6929999589920044,64.01000213623047,0.9674999713897705,-1.6790000200271606,65.29000091552734,1.8025000095367432
-1.6929999589920044,65.51000213623047,0.9674999713897705,-1.6790000200271606,66.79000091552734,1.8025000095367432
-1.6929999589920044,67.01000213623047,0.9674999713897705,-1.6790000200271606,68.29000091552734,1.8025000095367432
-1.6929999589920044,68.51000213623047,0.9674999713897705,-1.6790000200271606,69.79000091552734,1.8025000095367432
-1.6929999589920044,70.01000213623047,0.9674999713897705,-1.6790000200271606,71.29000091552734,1.8025000095367432
1.6790000200271606,53.51000213623047,0.9674999713897705,1.6929999589920044,54.790000915527344,1.8025000095367432
1.6790000200271606,55.01000213623047,0.9674999713897705,1.6929999589920044,56.290000915527344,1.8025000095367432
1.6790000200271606,56.51000213623047,0.9674999713897705,1.6929999589920044,57.790000915527344,1.8025000095367432
1.6790000200271606,58.01000213623047,0.9674999713897705,1.6929999589920044,59.290000915527344,1.8025000095367432
1.6790000200271606,59.51000213623047,0.9674999713897705,1.6929999589920044,60.790000915527344,1.8025000095367432
1.6790000200271606,61.01000213623047,0.9674999713897705,1.6929999589920044,62.290000915527344,1.8025000095367432
1.6790000200271606,62.51000213623047,0.9674999713897705,1.6929999589920044,63.790000915527344,1.8025000095367432
1.6790000200271606,64.01000213623047,0.9674999713897705,1.6929999589920044,65.29000091552734,1.8025000095367432
1.6790000200271606,65.51000213623047,0.9674999713897705,1.6929999589920044,66.79000091552734,1.8025000095367432
1.6790000200271606,67.01000213623047,0.9674999713897705,1.6929999589920044,68.29000091552734,1.8025000095367432
1.6790000200271606,68.51000213623047,0.9674999713897705,1.6929999589920044,69.79000091552734,1.8025000095367432
1.6790000200271606,70.01000213623047,0.9674999713897705,1.6929999589920044,71.29000091552734,1.8025000095367432
-1.6929999589920044,78.70999908447266,0.9674999713897705,-1.6790000200271606,79.98999786376953,1.8025000095367432
-1.6929999589920044,80.20999908447266,0.9674999713897705,-1.6790000200271606,81.48999786376953,1.8025000095367432
-1.6929999589920044,81.70999908447266,0.9674999713897705,-1.6790000200271606,82.98999786376953,1.8025000095367432
-1.6929999589920044,83.20999908447266,0.9674999713897705,-1.6790000200271606,84.48999786376953,1.8025000095367432
-1.6929999589920044,84.70999908447266,0.9674999713897705,-1.6790000200271606,85.98999786376953,1.8025000095367432
-1.6929999589920044,86.20999908447266,0.9674999713897705,-1.6790000200271606,87.48999786376953,1.8025000095367432
-1.6929999589920044,87.70999908447266,0.9674999713897705,-1.6790000200271606,88.98999786376953,1.8025000095367432
-1.6929999589920044,89.20999908447266,0.9674999713897705,-1.6790000200271606,90.48999786376953,1.8025000095367432
-1.6929999589920044,90.70999908447266,0.9674999713897705,-1.6790000200271606,91.98999786376953,1.8025000095367432
-1.6929999589920044,92.20999908447266,0.9674999713897705,-1.6790000200271606,93.48999786376953,1.8025000095367432
-1.6929999589920044,93.70999908447266,0.9674999713897705,-1.6790000200271606,94.98999786376953,1.8025000095367432
-1.6929999589920044,95.20999908447266,0.9674999713897705,-1.6790000200271606,96.48999786376953,1.8025000095367432
1.6790000200271606,78.70999908447266,0.9674999713897705,1.6929999589920044,79.98999786376953,1.8025000095367432
1.6790000200271606,80.20999908447266,0.9674999713897705,1.6929999589920044,81.48999786376953,1.8025000095367432
1.6790000200271606,81.70999908447266,0.9674999713897705,1.6929999589920044,82.98999786376953,1.8025000095367432
1.6790000200271606,83.20999908447266,0.9674999713897705,1.6929999589920044,84.48999786376953,1.8025000095367432
1.6790000200271606,84.70999908447266,0.9674999713897705,1.6929999589920044,85.98999786376953,1.8025000095367432
1.6790000200271606,86.20999908447266,0.9674999713897705,1.6929999589920044,87.48999786376953,1.8025000095367432
1.6790000200271606,87.70999908447266,0.9674999713897705,1.6929999589920044,88.98999786376953,1.8025000095367432
1.6790000200271606,89.20999908447266,0.9674999713897705,1.6929999589920044,90.48999786376953,1.8025000095367432
1.6790000200271606,90.70999908447266,0.9674999713897705,1.6929999589920044,91.98999786376953,1.8025000095367432
1.6790000200271606,92.20999908447266,0.9674999713897705,1.6929999589920044,93.48999786376953,1.8025000095367432
1.6790000200271606,93.70999908447266,0.9674999713897705,1.6929999589920044,94.98999786376953,1.8025000095367432
1.6790000200271606,95.20999908447266,0.9674999713897705,1.6929999589920044,96.48999786376953,1.8025000095367432
-1.6929999589920044,103.91000366210938,0.9674999713897705,-1.6790000200271606,105.19000244140625,1.8025000095367432
-1.6929999589920044,105.41000366210938,0.9674999713897705,-1.6790000200271606,106.69000244140625,1.8025000095367432
-1.6929999589920044,106.91000366210938,0.9674999713897705,-1.6790000200271606,108.19000244140625,1.8025000095367432
-1.6929999589920044,108.41000366210938,0.9674999713897705,-1.6790000200271606,109.69000244140625,1.8025000095367432
-1.6929999589920044,109.91000366210938,0.9674999713897705,-1.6790000200271606,111.19000244140625,1.8025000095367432
-1.6929999589920044,111.41000366210938,0.9674999713897705,-1.6790000200271606,112.69000244140625,1.8025000095367432
-1.6929999589920044,112.91000366210938,0.9674999713897705,-1.6790000200271606,114.19000244140625,1.8025000095367432
-1.6929999589920044,114.41000366210938,0.9674999713897705,-1.6790000200271606,115.69000244140625,1.8025000095367432
-1.6929999589920044,115.91000366210938,0.9674999713897705,-1.6790000200271606,117.19000244140625,1.8025000095367432
-1.6929999589920044,117.41000366210938,0.9674999713897705,-1.6790000200271606,118.69000244140625,1.8025000095367432
-1.6929999589920044,118.91000366210938,0.9674999713897705,-1.6790000200271606,120.19000244140625,1.8025000095367432
-1.6929999589920044,120.41000366210938,0.9674999713897705,-1.6790000200271606,121.69000244140625,1.8025000095367432
1.6790000200271606,103.91000366210938,0.9674999713897705,1.6929999589920044,105.19000244140625,1.8025000095367432
1.6790000200271606,105.41000366210938,0.9674999713897705,1.6929999589920044,106.69000244140625,1.8025000095367432
1.6790000200271606,106.91000366210938,0.9674999713897705,1.6929999589920044,108.19000244140625,1.8025000095367432
1.6790000200271606,108.41000366210938,0.9674999713897705,1.6929999589920044,109.69000244140625,1.8025000095367432
1.6790000200271606,109.91000366210938,0.9674999713897705,1.6929999589920044,111.19000244140625,1.8025000095367432
1.6790000200271606,111.41000366210938,0.9674999713897705,1.6929999589920044,112.69000244140625,1.8025000095367432
1.6790000200271606,112.91000366210938,0.9674999713897705,1.6929999589920044,114.19000244140625,1.8025000095367432
1.6790000200271606,114.41000366210938,0.9674999713897705,1.6929999589920044,115.69000244140625,1.8025000095367432
1.6790000200271606,115.91000366210938,0.9674999713897705,1.6929999589920044,117.19000244140625,1.8025000095367432
1.6790000200271606,117.41000366210938,0.9674999713897705,1.6929999589920044,118.69000244140625,1.8025000095367432
1.6790000200271606,118.91000366210938,0.9674999713897705,1.6929999589920044,120.19000244140625,1.8025000095367432
1.6790000200271606,120.41000366210938,0.9674999713897705,1.6929999589920044,121.69000244140625,1.8025000095367432
-1.6929999589920044,129.11000061035156,0.9674999713897705,-1.6790000200271606,130.38999938964844,1.8025000095367432
-1.6929999589920044,130.61000061035156,0.9674999713897705,-1.6790000200271606,131.88999938964844,1.8025000095367432
-1.6929999589920044,132.11000061035156,0.9674999713897705,-1.6790000200271606,133.38999938964844,1.8025000095367432
-1.6929999589920044,133.61000061035156,0.9674999713897705,-1.6790000200271606,134.88999938964844,1.8025000095367432
-1.6929999589920044,135.11000061035156,0.9674999713897705,-1.6790000200271606,136.38999938964844,1.8025000095367432
-1.6929999589920044,136.61000061035156,0.9674999713897705,-1.6790000200271606,137.88999938964844,1.8025000095367432
-1.6929999589920044,138.11000061035156,0.9674999713897705,-1.6790000200271606,139.38999938964844,1.8025000095367432
-1.6929999589920044,139.61000061035156,0.9674999713897705,-1.6790000200271606,140.88999938964844,1.8025000095367432
-1.6929999589920044,141.11000061035156,0.9674999713897705,-1.6790000200271606,142.38999938964844,1.8025000095367432
-1.6929999589920044,142.61000061035156,0.9674999713897705,-1.6790000200271606,143.88999938964844,1.8025000095367432
-1.6929999589920044,144.11000061035156,0.9674999713897705,-1.6790000200271606,145.38999938964844,1.8025000095367432
-1.6929999589920044,145.61000061035156,0.9674999713897705,-1.6790000200271606,146.88999938964844,1.8025000095367432
1.6790000200271606,129.11000061035156,0.9674999713897705,1.6929999589920044,130.38999938964844,1.8025000095367432
1.6790000200271606,130.61000061035156,0.9674999713897705,1.6929999589920044,131.88999938964844,1.8025000095367432
1.6790000200271606,132.11000061035156,0.9674999713897705,1.6929999589920044,133.38999938964844,1.8025000095367432
1.6790000200271606,133.61000061035156,0.9674999713897705,1.6929999589920044,134.88999938964844,1.8025000095367432
1.6790000200271606,135.11000061035156,0.9674999713897705,1.6929999589920044,136.38999938964844,1.8025000095367432
1.6790000200271606,136.61000061035156,0.9674999713897705,1.6929999589920044,137.88999938964844,1.8025000095367432
1.6790000200271606,138.11000061035156,0.9674999713897705,1.6929999589920044,139.38999938964844,1.8025000095367432
1.6790000200271606,139.61000061035156,0.9674999713897705,1.6929999589920044,140.88999938964844,1.8025000095367432
1.6790000200271606,141.11000061035156,0.9674999713897705,1.6929999589920044,142.38999938964844,1.8025000095367432
1.6790000200271606,142.61000061035156,0.9674999713897705,1.6929999589920044,143.88999938964844,1.8025000095367432
1.6790000200271606,144.11000061035156,0.9674999713897705,1.6929999589920044,145.38999938964844,1.8025000095367432
1.6790000200271606,145.61000061035156,0.9674999713897705,1.6929999589920044,146.88999938964844,1.8025000095367432